"","STAT1.gsva","GGI.gsva","CytScore.log2","TIDE.Dysfunction","TIDE.Exclusion","TIDE.MDSC","TIDE.CAF","TIDE.TAM.M2","TIDE.IFNG","TIDE.CD274","TIDE.CD8","Danaher.B.cells","Danaher.CD45","Danaher.CD8.T.cells","Danaher.Cytotoxic.cells","Danaher.DC","Danaher.Exhausted.CD8","Danaher.Macrophages","Danaher.Mast.cells","Danaher.Neutrophils","Danaher.NK.CD56dim.cells","Danaher.NK.cells","Danaher.T.cells","Danaher.Th1.cells","Danaher.Treg","B2M","TAP1","TAP2","HLA.A","HLA.B","HLA.C","HLA.DPA1","HLA.DPB1","HLA.E","HLA.F","PD.1","CTLA.4","LAG3","TIGIT","TIM3","PD.L1","PD.L2","CD27","ICOS","IDO1","Act.CD4","Act.CD8","Tem.CD4","Tem.CD8","MDSC","Treg","T.cells","CD8.T.cells","Cytotoxic.lymphocytes","NK.cells","B.lineage","Monocytic.lineage","Myeloid.dendritic.cells","Neutrophils","Endothelial.cells","Fibroblasts","ECM.associated_HM.et.a.gsva","Immune.response_HM.et.a.gsva","Proliferation_HM.et.a.gsva"
"T001",-0.181,0.319,2.066,0.27,-0.7,0.04,-0.14,0,-2.07,-1.29,-1.75,-2.05,2.29,1.42,0.66,-0.603,0.608,-0.715,2.74,-0.151,-7.599,-1.381,0.667,-0.101,1.561,4.9122,2.87492,1.07754,4.82698,4.94053,4.91248,2.92701,3.02751,3.84341,2.542,0.1255,0.10701,-1.06235,0.11475,-1.08685,-0.14528,-0.12259,0.70619,-0.1006,-0.36002,0.85189,1.26006,0.73617,1.00433,-1.86016,-0.76241,-0.1352,0.604,0.512,-2.49125,-0.690125,3.702857,-1.7188,1.5944,2.518091,7.669,0.420017978821924,0.17104214821472,0.164640002966695
"T002",0.613,0.355,5.352,0.33,-0.36,0.01,-0.07,0,0.1,-0.62,0.85,2.704,5.017,4.422,4.013,2.561,2.439,2.536,3.038,-1.198,-3.372,1.858,3.736,2.124,2.655,5.23849,2.78337,1.26691,4.62992,4.91237,4.41089,3.82614,3.8955,4.38732,2.53665,-1.1878,-0.85125,-1.04186,-1.00239,-1.51155,-0.45691,-1.15474,2.30395,0.89138,-1.41001,1.45063,1.93873,1.07114,1.56102,-1.99281,-1.05759,2.542567,3.8147,3.03552,0.20435,3.62805,4.552586,1.52566,0.372707,4.094539,8.933412,0.121390332483955,0.51670791280439,0.266343697082094
"T003",0.616,0.309,6.467,0.91,-2.25,-0.07,-0.22,-0.05,1.11,0.59,1.77,2.123,5.492,5.366,5.183,1.367,3.906,2.776,1.236,0.133,-2.714,2.677,4.089,3.553,3.767,5.02682,3.72125,1.88228,5.33453,5.4716,5.07914,3.47119,3.66269,4.72446,3.17169,-1.90326,-1.21,-2.03039,-1.28025,-1.78802,-0.9584,-0.91578,2.5121,0.80119,-1.60873,1.25802,1.89299,0.91451,1.52385,-2.20074,-1.23655,2.59536,3.9231,3.86482,0.41745,3.000925,5.000771,0.66784,0.913913,3.179967,6.886913,-0.23446896938405,0.540282011396201,-0.160562115107456
"T004",0.612,0.469,4.589,0.33,-0.71,0.02,-0.04,-0.09,1.3,0.77,0.39,1.893,5.031,3.928,3.687,3.138,3.103,2.71,2.699,0.277,-3.491,1.256,3.543,2.43,4.79,5.16276,3.47011,1.94656,4.8207,5.06798,4.63258,3.48823,3.6157,4.08192,2.92513,-1.14621,-1.46498,-1.74792,-1.11701,-1.73799,-1.08518,-1.19764,1.88486,1.28942,-2.77915,1.60713,1.80792,1.04281,1.57157,-2.18712,-1.5465,2.609693,2.6778,2.72,-0.903975,1.696287,5.2666,2.0641,0.643713,3.03343,8.863437,-0.443264789735673,0.750760873868402,0.342563522140053
"T005",-0.48,0.556,3.423,-0.37,0.46,0.09,-0.08,0.06,-1.94,-1.65,-0.23,-0.79,3.165,3.263,2.03,0.792,0.743,0.952,2.55,-3.129,-7.128,-0.491,2.226,0.738,2.167,4.2229,2.15734,0.8903,4.02621,4.13535,4.35193,2.40676,2.65596,3.71449,1.72077,-0.06311,-0.12769,-0.33117,-0.28976,-0.83365,0.10323,-0.35258,1.18891,0.11819,-0.36726,1.04093,1.47382,0.86693,1.01213,-1.38088,-0.70074,1.247327,2.5572,1.16608,-2.12525,0.249512,3.102743,-0.28074,-0.753753,2.734724,8.376238,0.374850279541084,-0.511618021307462,0.335450703228984
"T006",-0.675,-0.393999999999999,1.941,0.5,0.75,0.02,0.06,0.06,-3.08,-1.97,-2.21,-2.046,2.569,0.743,0.849,0.788,0.232,1.116,4.301,-3.371,-4.758,-1.549,0.777,-1.126,1.986,4.58999,2.04149,0.58459,4.48259,4.67119,4.53827,3.08066,3.37794,3.65068,1.54187,0.08861,-0.06698,-0.24792,0.171,-0.96464,0.2594,-0.44065,0.833,-0.2619,0.254,0.6464,1.12031,1.05105,1.0478,-1.38787,-1.0151,0.160947,-0.1509,-0.15458,-1.86775,-0.673963,3.154686,-0.9623,0.268167,3.670167,9.290038,0.415509592576256,-0.716324661380963,-0.433984919360873
"T007",-0.111999999999999,-0.226,3.654,1.05,-1.31,-0.03,-0.17,0.02,-1.42,-1.04,-0.11,2.052,4.133,3.393,2.522,1.328,1.586,1.379,3.042,-1.938,-4.015,1.526,2.843,1.782,3.326,4.43602,2.48232,1.04573,4.24536,4.43896,4.06492,2.98886,3.28155,3.84214,2.21342,-0.73779,-0.37634,-0.72605,-0.56383,-0.98133,-0.22945,-0.32501,1.92991,0.19967,-0.64315,1.0477,1.70399,0.85052,1.30613,-2.00193,-0.78227,1.890513,2.5324,1.93592,-1.019325,3.463437,4.403757,1.33164,1.672713,3.081152,7.600925,0.301016460854543,-0.242762304091872,-0.308747919094263
"T008",0.616,-0.526,5.98,1.7,-0.27,-0.07,0.06,-0.02,0.71,0.11,1.65,2.506,5.458,5.257,4.783,4.378,3.294,2.645,2.824,-1.76,-0.969,2.905,4.479,2.841,4.554,5.63177,3.11468,1.75403,5.1239,5.40247,4.97787,4.03834,4.24862,4.78931,3.0949,-1.44485,-1.91063,-1.2473,-1.50408,-1.66911,-0.85416,-1.37899,2.52887,1.35837,-2.02465,1.38071,2.10384,1.20242,1.75954,-2.22371,-1.4311,3.473413,4.6224,4.7539,0.81215,4.114262,4.735543,3.4127,1.533753,5.333188,9.551813,0.439009972572504,0.49019342166162,-0.532594910723818
"T009",-0.393999999999999,-0.278999999999999,3.824,1.11,0.83,0.02,0.08,0.06,-1.47,-1.2,-0.36,1.35,4.137,3.113,2.799,1.671,1.611,1.572,4.886,-2.191,-4.258,0.792,2.991,1.279,4.117,4.43529,2.16633,0.8984,4.32062,4.52366,4.59111,2.9637,3.44404,3.9706,2.2006,-0.46006,-0.51344,-0.31338,-0.4958,-1.03208,-0.09111,-0.40677,1.80048,0.27194,-0.33697,0.95088,1.5414,1.05025,1.35048,-1.69851,-0.99682,1.977493,2.0008,1.9192,-0.5018,1.64805,3.726471,2.22428,0.945447,3.830539,9.886138,0.448708572740559,-0.70251336153555,-0.510379026627684
"T010",0.048,-0.529,3.181,1.1,0.4,-0.05,0.14,0,-1.01,-0.87,-1.25,-1.286,3.906,2.051,1.78,0.556,1.924,2.71,3.996,-0.133,-6.754,-3.285,1.471,0.743,3.058,4.88038,2.48674,0.77549,4.67047,4.78337,4.66125,3.5661,3.79066,4.02215,2.12894,-0.21226,-0.29542,-1.197,-0.17163,-1.78858,-0.27071,-0.85508,1.12367,0.07538,-0.77851,0.7144,1.34444,1.07914,1.39201,-1.87964,-1.12802,0.639373,0.6813,0.927,-3.181,-0.624712,4.622143,-0.55604,0.942273,3.614509,9.867625,0.492481298193998,-0.074712738509245,-0.613084633770182
"T011",-0.132,0.122,3.448,0.09,-0.09,0.01,-0.03,0.03,-0.91,-1.16,-0.67,-1.58,3.084,2.765,2.255,0.885,0.658,0.78,2.773,-2.313,-2.384,0.386,1.794,0.382,2.348,5.17508,3.21341,1.11233,4.89174,5.13065,4.95295,3.33678,3.53276,4.37194,2.11496,-0.62559,-0.29908,-0.54787,-0.432,-1.40471,-0.27558,-0.44722,1.10961,0.25088,-1.40513,0.95963,1.52608,0.84544,1.26965,-1.80418,-0.93456,0.736633,2.1026,1.49132,-2.182775,-0.401588,4.0127,-0.06812,-0.28522,3.050755,8.555663,0.347470734272694,0.0788859316147215,0.171871262351398
"T012",-0.413,0.648,3.441,-1.27,0.14,0.08,-0.13,0.07,-1.19,-1.03,-0.28,-0.391,3.996,3.202,2.336,2.355,1.281,1.976,0.912,-1.01,-5.077,0.476,1.876,0.403,1.922,4.48418,2.32945,1.19784,4.16414,4.23054,3.91961,3.1788,3.3306,3.82436,1.74634,-0.2335,-0.16378,-0.54394,-0.22648,-1.25913,-0.21711,-0.65043,1.0862,0.12858,-1.00855,1.29013,1.46604,1.03737,1.30487,-1.67316,-0.84335,1.103953,3.0544,2.04362,-1.47185,0.9387,4.329643,1.11736,1.304107,4.624588,8.001262,-0.297913089286944,-0.357019348792512,0.691063925383448
"T013",0.498,0.636,4.974,-1.03,-0.62,0.1,-0.15,-0.06,0.34,0.67,0.15,0.108,4.02,3.675,3.288,2.409,2.123,2.317,-0.781,0.7,-2.773,2.058,2.467,1.402,3.315,4.82134,3.76919,2.30464,4.91573,5.06642,4.65329,2.79003,2.86163,3.98952,2.97307,-0.77229,-0.87601,-1.32881,-0.55023,-1.29254,-1.04802,-1.01662,1.25584,0.708,-2.69911,1.64388,1.54793,1.01672,1.43024,-1.7864,-1.12754,1.56778,2.7884,1.83798,-0.575925,0.553113,4.963814,0.1847,1.00052,2.672979,7.324912,-0.719014643387834,0.661489385066761,0.715407845034735
"T014",0.667999999999999,0.482,5.176,0.84,-1.22,-0.06,-0.1,-0.02,0.85,0.42,0.82,1.867,5.105,4.392,4.054,2.836,2.784,2.728,3.233,-0.134,-1.92,1.908,3.768,2.679,3.919,5.14782,3.30496,1.51036,4.90201,5.17419,4.89992,3.5859,3.83478,4.34645,2.65563,-1.26558,-1.16216,-1.416,-0.92718,-1.68245,-0.94831,-1.321,2.18403,0.94762,-2.09166,1.28026,1.80812,0.95994,1.50909,-2.11928,-1.21158,2.384133,3.415,2.7305,-0.02945,2.325875,5.076757,1.99562,0.74866,2.822421,8.75105,-0.145750551127602,0.495138258647471,0.087418402585147
"T015",0.805,-0.321,6.365,1.17,-1.52,-0.14,0,-0.1,1.66,1.09,1.49,2.929,6.408,5.083,4.798,4.114,4.079,4.442,2.144,0.718,-1.215,2.477,4.859,3.458,4.872,5.50118,3.78012,1.89671,5.26195,5.43677,5.27558,4.26884,4.38676,4.64418,3.1003,-1.62507,-1.64078,-2.20303,-1.43888,-2.17189,-1.28626,-2.00537,2.76749,1.5735,-2.32838,1.55904,2.07754,1.18883,1.88447,-2.66769,-1.7446,3.46386,3.7799,3.5629,0.93725,3.0569,6.084457,1.30762,0.822367,3.491755,9.27115,-0.504502851708534,0.789688282820338,-0.223425785663332
"T016",-0.659,-0.042,2.953,-0.22,1.45,0.06,0.1,0.09,-1.95,-1.23,-1.08,-0.9,3.361,2.283,1.461,1.616,1.093,1.3,6.453,-2.989,-5.992,0.094,1.564,0.025,2.075,4.37605,2.04896,0.781,4.0225,4.1943,3.73173,3.01197,3.20289,3.77395,1.72573,-0.11784,-0.21695,-0.18973,0.0056,-1.04414,-0.11299,-0.54558,1.23398,-0.16825,-0.43382,0.8987,1.26635,1.0915,1.10918,-1.44029,-0.85871,0.51664,1.3163,0.93494,-1.483325,0.192375,3.166329,0.33894,0.965407,4.022021,9.348588,0.478666047250933,-0.807345372719777,-0.325892554112047
"T017",-0.442,-0.472,3.544,0.82,0.37,0.02,-0.01,0.06,-2.01,-1.35,-0.48,0.04,3.434,2.981,2.272,2.455,1.534,1.731,3.677,-2.038,-4.989,-0.174,1.97,1.231,1.836,4.40322,2.52952,1.12375,4.20764,4.45625,4.5021,2.84373,3.16303,4.13572,2.15046,-0.42159,-0.20124,-0.33172,0.05853,-0.74304,-0.01769,-0.76354,1.34349,-0.17389,-0.08539,0.73798,1.37998,0.92501,1.27039,-1.67183,-0.78632,1.061947,2.1177,1.34376,-1.72725,1.16795,3.935486,-0.23622,1.352707,4.313436,8.950012,0.483813426858785,-0.511286365124633,-0.588856049890268
"T018",0.049,-0.797999999999999,4.429,1.39,-0.07,-0.1,0.09,0.04,-1.02,-0.74,0.3,2.468,4.993,3.842,3.242,2.417,2.318,1.884,4.558,-2.888,-2.63,1.98,3.472,1.76,2.706,5.04376,2.64558,1.3806,4.60407,4.85763,4.6797,3.32808,3.76181,4.57594,2.63304,-0.9378,-0.61785,-0.40612,-0.7614,-0.96122,-0.38338,-1.03871,2.0636,0.42288,-0.77493,0.88552,1.67761,1.10893,1.47899,-1.81527,-0.99128,2.408673,3.0246,2.48012,0.1343,3.885388,4.362286,2.17706,1.24724,4.804045,9.794625,0.578257065093497,-0.451328999300006,-0.830443600662312
"T020",0.3,0.437,3.89,-0.28,-0.07,0.01,-0.03,0.02,-0.34,-0.7,-0.19,-0.738,4.631,3.306,2.707,0.476,1.67,2.351,3.5,-1.166,-4.108,0.481,2.642,1.427,2.837,4.92079,2.68828,1.22122,4.4723,4.69452,4.67114,3.35803,3.45997,3.94686,2.545,-0.40565,-0.46186,-0.43298,-0.21378,-1.66604,-0.33222,-0.89687,1.30197,0.35373,-1.33721,1.13881,1.49842,0.95898,1.26565,-1.74723,-0.96782,1.506333,2.191,2.1678,-2.21175,0.336375,4.879857,0.2438,1.871467,3.106758,8.425375,0.314796371098823,-0.0728640017031442,0.182548856151033
"T022",0.416,0.305,4.447,1.17,-0.01,0.01,0.04,-0.03,0.37,0.2,0.19,0.417,4.426,3.721,3.473,2.466,2.219,2.403,3.403,0.974,-0.775,1.943,2.715,2.297,3.863,4.82294,2.8976,1.33401,4.70216,5.04936,4.66737,3.64977,3.79901,4.21016,2.65928,-1.03376,-0.97777,-1.06124,-0.62374,-1.45964,-0.82604,-1.12314,1.88226,0.47725,-1.82908,1.09245,1.74499,1.02341,1.54015,-2.30855,-1.24009,1.85006,2.645,2.8858,-0.20975,0.465413,5.010086,0.34214,2.045213,3.511539,9.365913,0.348565202448641,0.264904809923901,-0.280606021461331
"T023",0.28,-0.499,4.758,0.79,-0.38,-0.11,0.04,0.03,-0.29,-0.1,0.97,0.636,5.281,4.549,3.367,2.7,2.603,3.115,4.437,-1.981,-1.977,0.894,4.039,2.534,4.394,4.77662,2.79069,1.3033,4.60859,4.84298,4.49316,3.63458,3.75777,3.98761,2.55415,-1.05343,-1.03337,-0.61084,-0.9674,-1.78878,-0.61474,-0.88472,2.04307,0.79028,-1.0491,1.10006,1.74254,1.07617,1.50445,-2.11394,-1.16388,2.66684,3.4089,2.8098,-0.422325,1.5615,5.000086,2.36806,1.337427,3.297279,8.792288,0.352038950184454,-0.413538235270495,-0.654525058448461
"T024",-0.177,0.709,3.899,-0.64,0.99,0.12,-0.01,0.05,-0.97,-0.83,-0.09,-0.033,4.314,3.417,2.662,2.993,1.943,2.186,1.96,-0.766,-6.753,0.433,2.864,1.353,2.297,4.59629,2.61788,0.95492,4.58292,4.4381,3.97537,3.00548,3.35424,3.8648,1.98319,-0.51821,-0.48085,-0.94781,-0.30922,-1.29685,-0.32985,-0.81407,1.6418,0.36125,-0.83543,1.48218,1.60661,1.00489,1.26918,-1.78242,-1.01507,1.816819,2.32215,1.771994,-0.671238,0.454769,4.112769,2.327156,-0.119285,3.67971,8.790052,-0.423770848228899,-0.127329192546618,0.661601951457294
"T025",-0.680999999999999,-0.586,0.74,-0.07,-0.01,-0.01,-0.03,0.06,-3.13,-1.93,-2.92,-4.753,1.498,-0.662,-0.558,0.423,-0.862,-0.071,4.736,-1.485,-7.327,-2.432,-1.295,-2.186,0.888,4.80346,2.04369,0.66097,4.24142,4.49587,4.41663,2.779,2.92826,3.62569,1.90061,0.36636,0.12189,-0.33987,0.10606,-1.00583,0.19108,-0.08663,0.25836,-0.23348,0.27551,0.52021,0.91564,0.90506,0.89046,-1.34847,-0.68261,-0.907067,-1.316,-1.0264,-3.2805,-2.67525,2.622857,-0.517,0.564467,3.222273,8.419375,0.57535484150883,-0.614686304432358,-0.517485653314565
"T026",0.682,0.494,5.9,1.03,-2.07,-0.08,-0.19,-0.04,1.16,1.44,1.25,4.09,5.376,4.832,4.888,1.574,3.204,2.345,-2.555,0.069,-0.944,1.781,3.777,2.484,3.105,5.83125,4.01962,2.25001,5.68421,6.00651,5.59092,4.06334,4.31957,4.74496,3.55451,-2.10481,-1.69927,-1.86582,-1.1706,-2.10776,-1.71096,-1.64618,2.92728,1.05097,-3.10147,1.79956,2.12265,1.02779,1.78532,-2.58623,-1.34001,2.955507,4.0822,3.11184,0.054675,4.610437,5.595586,2.07126,0.98974,2.504315,7.834025,-0.544670805958026,0.69963074814466,0.594610460755813
"T028",0.632,0.113,5.698,1.7,-1.26,-0.07,-0.1,-0.02,0.69,0,1.39,2.325,5.509,4.986,4.359,2.671,3.222,1.931,3.298,-0.173,-2.746,3.347,4.055,2.793,4.101,5.20233,3.32213,1.44867,5.02359,5.20138,4.74736,3.73755,4.07919,4.53534,2.91586,-1.38578,-1.18607,-1.37898,-1.23219,-1.37342,-0.75448,-1.11851,2.51074,1.08181,-1.79871,1.29416,2.00707,1.07868,1.60892,-2.2056,-1.08241,2.905733,4.165,3.7162,0.93575,2.90625,4.733143,2.5296,1.193067,3.861455,8.886,0.244695192245976,0.439291623236283,-0.203376413433387
"T029",-0.54,0.631,2.609,-0.47,-0.56,0.06,-0.19,0.05,-1.85,-1.79,-1.47,-0.152,3.343,1.795,1.31,0.179,0.463,1.14,1.821,-2.94,-6.055,-0.656,1.462,0.312,2.326,4.56194,2.35784,1.02834,4.50462,4.25152,4.2473,2.82724,3.01984,3.61969,1.71285,-0.36828,-0.40804,-0.26616,-0.17442,-1.10543,0.13149,-0.21029,1.82693,0.20043,-0.1723,1.04291,1.47032,0.87703,1.01,-1.45106,-0.70205,0.728333,0.966,0.4366,-2.6265,0.66575,3.407286,-1.4386,0.343533,2.819636,6.774125,0.234172038329289,-0.455706334171586,0.483131220217725
"T030",-0.509,-0.78,1.539,0.15,1.29,-0.01,0.21,0.02,-2.14,-1.07,-2.16,-1.937,2.484,0.798,0.373,0.912,0.196,1.389,5.12,-2.909,-7.032,-4.023,0.454,-1.366,2.001,4.94363,2.66136,1.09168,4.65528,5.05253,4.47627,2.79105,3.0275,3.98545,2.13307,0.09687,-0.20395,-0.1797,0.17274,-0.99133,-0.19604,-0.64318,0.93957,-0.10245,-0.16044,0.47432,1.0191,1.04709,1.1632,-1.48233,-0.88056,-0.335733,-0.42,-0.4124,-3.416,-1.426625,3.194429,-0.8846,0.418667,4.208121,9.91625,0.571807996025533,-0.486075935798002,-0.767804258429347
"T031",0.705,-0.515,6.433,2.09,-1.68,-0.16,-0.03,-0.06,1.41,0.69,2.85,4.326,7.049,6.471,5.191,3.098,4.325,3.339,4.051,-0.263,-0.568,3.801,5.373,3.894,4.4,5.50995,3.26863,1.78204,4.95626,5.46412,4.82035,4.15113,4.28797,4.7968,3.25389,-1.33022,-1.68958,-1.50652,-1.72555,-1.64906,-1.06174,-1.59131,3.01449,1.39777,-2.08792,1.58395,2.25874,1.22302,1.83614,-2.42878,-1.33939,3.96446,5.6122,4.46644,1.55205,5.78665,5.365,2.75536,1.094493,4.44593,9.567575,0.157778734663426,0.668848150394575,-0.631230483977436
"T032",0.567,0.208,5.439,0.65,0.26,-0.03,0.15,-0.07,1.55,1.28,0.82,1.085,5.655,4.391,3.767,4.982,3.276,4.048,1.086,0.785,-1.432,2.303,3.897,2.984,4.427,5.11308,2.9349,1.60469,4.86116,5.08367,4.71419,3.84424,4.06033,4.32748,2.70042,-1.6266,-1.45662,-1.68182,-1.07677,-1.93889,-1.28412,-1.7776,2.0778,0.97996,-1.92847,1.33808,1.75676,1.09475,1.63805,-2.44478,-1.55835,2.685113,3.0222,2.43052,-0.1836,2.221662,5.575343,1.42366,1.03082,3.498624,9.894575,-0.370946113058842,0.603381606721279,-0.16118059892906
"T033",0.714,0.242,6.129,0.97,-1.75,-0.09,-0.06,-0.12,1.93,1.75,1.74,2.525,6.325,5.341,4.901,4.634,3.995,4.292,2.436,1.186,-0.626,2.238,4.743,3.706,4.604,5.37353,3.68142,2.20994,5.39521,5.49343,5.30866,4.15736,4.33974,4.63667,3.36686,-1.77214,-1.73816,-2.11592,-1.55285,-2.16981,-1.57065,-1.90538,2.53643,1.4624,-2.90999,1.60408,2.00715,1.12143,1.81764,-2.58575,-1.72908,3.6034,4.05765,3.537232,0.312645,3.625669,6.077504,2.33968,1.605023,3.241055,8.909521,-0.607295160458967,0.68065889680998,0.178333139773633
"T035",0.598,0.48,5.671,-0.14,-0.13,0.05,-0.03,-0.04,1.57,1.56,1.13,3.207,5.564,4.711,4.676,3.983,3.212,2.838,3.035,-0.161,-0.482,2.556,3.965,3.133,5.007,4.9245,3.56367,2.23412,4.89222,5.12185,4.58933,3.5493,3.6672,4.19969,3.07295,-1.68605,-1.53592,-1.73734,-1.29477,-1.63431,-1.3944,-1.44094,2.13183,1.20771,-2.35438,1.53901,1.85224,0.97529,1.62881,-2.03694,-1.15654,2.749267,3.3976,3.20788,0.36965,4.520112,4.908243,3.0614,0.48134,3.041221,8.557237,-0.608553679835255,0.634100934376068,0.54165972745399
"T036",0.61,0.025,5.562,1.27,-0.99,-0.07,-0.02,-0.05,1.13,0.48,1.54,2.686,5.285,5.138,4.001,2.199,3.285,3.051,2.904,0.084,-0.898,1.828,4.036,2.532,3.925,5.45198,3.05985,1.44059,4.73734,5.38649,5.23772,3.73435,4.21969,4.48158,3.02259,-1.45627,-1.28566,-1.49994,-1.10639,-1.82749,-0.96532,-1.34497,2.81688,0.91979,-2.35203,1.29674,1.92607,0.96644,1.56141,-2.43411,-1.26609,2.645673,4.1588,2.81234,0.06365,3.389425,5.410243,0.921,0.98058,3.348761,9.215513,-0.039481559537698,0.508657313408217,-0.238462519476901
"T037",0.351,0.643,2.177,-1.15,-0.54,0.1,-0.14,-0.06,-1.17,-0.92,-2.59,-1.54,3.748,-0.111,1.182,1.108,0.673,2.321,-1.193,1.265,-6.916,-1.317,0.8,-0.193,1.923,4.51124,3.09775,1.69649,4.70163,4.75512,4.5038,2.53246,2.58722,3.77361,2.90141,-0.56776,-0.23539,-0.9677,-0.03747,-1.53118,-0.26214,-0.45681,0.45446,0.02514,-2.06927,1.52187,1.24733,1.07219,1.29259,-2.0176,-1.13367,0.3296,-1.801,-0.8034,-2.32525,-0.731125,4.899714,-0.0982,1.076133,2.147697,6.67925,-0.54759313001487,0.647861448997592,0.680491596132158
"T038",0.637,-0.2,5.604,1.24,-0.85,-0.08,-0.01,-0.03,0.86,0.11,2.65,2.536,6.641,6.271,4.62,3.937,3.613,3.299,3.615,0.183,0.751,4.174,5.115,3.37,4.609,5.11399,2.79303,1.27604,4.7411,5.10415,4.8533,4.08459,4.15759,4.50054,2.85809,-1.54306,-1.65089,-1.0701,-1.3365,-1.68407,-0.74837,-1.3594,2.78733,1.27773,-1.77797,1.47094,2.03948,1.11226,1.75944,-2.23961,-1.33124,3.718333,5.779,4.0666,1.235,3.027,5.190714,2.5366,1.4244,4.163091,8.887375,-0.130464353412639,0.407763925509351,-0.0643376844393043
"T039",-0.535,-0.688,3.164,0.31,0.48,-0.01,0.06,0.05,-2.44,-1.1,-0.69,-2.649,3.663,2.741,1.79,0.921,1.267,2.456,2.914,-2.424,-4.908,-0.399,1.653,0.069,2.395,4.18864,2.06176,0.83544,4.10585,4.17484,3.88328,3.1273,3.36553,3.60512,1.85084,-0.1559,0.10642,-0.28409,0.09004,-1.40958,-0.11655,-0.46729,0.70357,-0.28423,0.1038,0.55908,1.28601,0.93234,1.21943,-1.83155,-1.0327,0.304313,1.6072,0.89358,-2.367925,-1.22285,4.1652,0.28678,0.859793,2.995403,8.903813,0.479854590649134,-0.707145433090883,-0.739343765349472
"T040",-0.55,0.604,3.025,-1.51,0.4,0.13,-0.1,0.03,-0.75,-1.04,0.31,-1.713,2.965,3.843,1.918,1.21,1.011,0.737,-0.048,-3.439,-5.727,0.235,1.087,0.357,2.35,4.54369,2.88223,1.70295,4.83252,5.24949,5.34563,2.54837,2.66783,4.02386,2.70285,-0.14437,0.02802,-0.66168,-0.20701,-0.70392,-0.14806,-0.23962,0.85589,0.03557,-0.96328,1.09012,1.27696,0.83501,1.11261,-1.34132,-0.63286,0.63226,3.9548,0.7255,-2.152,-0.869938,3.334871,0.03998,0.232987,2.358376,6.947425,-0.477595509545316,-0.29765088805595,0.646842884720434
"T041",-0.278999999999999,0.7,2.485,-1.05,0.03,0.09,-0.1,0.02,-1.53,-0.71,-0.98,-3.22,3.263,2.399,1.568,0.106,1.172,-0.032,2.224,-2.435,-7.235,-0.332,1.089,0.157,2.26,4.90522,2.87768,1.30883,4.48357,4.78489,4.61343,2.6497,2.75564,3.69797,2.04203,-0.12936,0.30125,-0.73299,0.10869,-0.96161,-0.32224,-0.12974,0.45837,-0.10473,-0.2923,1.06774,1.14431,0.905,1.07373,-1.34804,-0.76235,-0.247813,1.2591,0.01798,-2.54045,-1.533313,3.442929,-0.51148,-0.014593,2.623318,7.498762,-0.130464294829433,-0.0101675953544208,0.546686326344055
"T042",0.432,0.358,3.285,0.04,-0.18,0,0.01,-0.02,-0.69,-0.11,-0.58,1.571,4.52,2.864,2.446,1.461,1.335,2.406,3.748,0.504,-2.36,0.128,2.906,1.357,3.01,4.99752,2.54818,1.26964,4.48375,4.75726,4.48235,3.20462,3.35855,3.99367,2.19819,-0.568,-0.72952,-0.55626,-0.49139,-1.51868,-0.72921,-0.79119,1.86967,0.53332,-1.2721,1.24966,1.59172,0.98957,1.38722,-2.34489,-1.03735,2.02458,1.9312,1.5297,-1.342875,2.5396,5.063443,0.80604,1.680693,3.261024,9.2238,-0.247350664943484,0.228507903340701,0.480800598447727
"T043",-0.499,-0.141,2.506,-0.15,1.34,0,0.18,0.06,-1.35,-0.68,-1.3,-1.759,4.039,1.977,1.438,1.571,0.714,3.097,5.83,-0.614,-4.752,-1.068,1.604,0.323,2.588,4.84508,2.21149,0.93783,4.47785,4.70319,4.38097,3.72872,3.91631,3.9223,2.21046,0.05931,-0.3444,-0.16447,-0.10209,-1.64261,-0.38307,-1.06402,1.13952,0.22022,-0.10264,1.02292,1.24059,1.13324,1.34098,-2.04322,-1.19012,0.722845,0.50154,0.559882,-3.84216,-1.431915,4.776579,1.13667,1.330925,3.267957,9.630142,0.412257168182895,-0.514838855702086,-0.325594748026151
"T044",-0.181,0.657,4.456,-0.45,-1.04,0.05,-0.24,0.03,-0.52,-0.61,-0.03,1.587,4.554,3.478,3.106,1.252,2.249,1.704,2.335,-1.152,-1.414,2.041,2.891,1.865,2.61,4.24433,2.32887,1.00731,3.79453,4.12171,4.14056,2.82564,2.95819,3.30347,1.86767,-0.7079,-0.39663,-0.89924,-0.50492,-0.94243,-0.37029,-0.45757,1.65906,0.27439,-0.98719,1.26127,1.70056,0.8526,1.09335,-1.31794,-0.63062,1.34686,2.2338,1.8622,-0.201425,2.8248,3.484386,-0.12864,0.057273,2.359321,6.16465,-0.154392037287912,-0.475466840753852,0.587192818058874
"T045",0.482,0.127,4.884,1.32,-0.46,-0.03,-0.05,0.02,-0.03,-0.09,1.02,1.799,5.074,4.598,3.363,1.051,2.627,2.22,4.293,-1.833,-3.833,1.388,3.785,2.358,4.121,5.12999,3.21041,1.46432,5.01139,5.36736,5.09583,3.57028,3.78586,4.29537,2.78919,-1.17668,-1.08555,-1.2225,-1.00737,-1.37742,-0.67039,-0.92906,2.3758,0.76959,-1.34403,1.15964,1.73323,1.02174,1.4394,-1.90063,-1.00108,2.515367,3.6333,2.06192,-0.844325,2.898725,4.047757,2.51626,0.449967,3.274158,8.842113,0.272135944387856,0.12191208956774,-0.362317218020493
"T046",0.713,0.578,6.241,1.3,-0.73,-0.02,-0.02,-0.06,1.4,1.03,1.32,2.866,5.528,4.913,5.27,2.616,3.869,3.104,4.034,0.039,-0.547,3.146,4.155,3.488,4.16,5.3295,3.48512,1.97496,4.92673,5.1732,4.93841,3.64694,3.7881,4.38909,2.91494,-1.71906,-1.63436,-2.06621,-1.10919,-1.77172,-1.17091,-1.29305,2.40908,1.16196,-2.24938,1.50702,1.96882,1.12757,1.65484,-2.04159,-1.16812,2.9728,3.711,3.9298,1.0805,2.803375,5.037286,1.9652,1.203267,4.195242,9.0845,0.175998733072355,0.694415343771085,0.11412792020386
"T047",-0.578,-0.634,2.837,0.06,0.7,0,0.08,0.06,-2.11,-0.92,-1.89,-2.163,2.547,1.202,2.009,2.959,0.843,2.329,2.71,-3.15,-6.023,-0.319,0.653,0.631,0.737,4.79268,2.16996,1.23899,4.21819,4.59192,4.25389,3.03758,3.21129,4.10769,2.12436,0.09756,-0.1187,-0.44118,0.44228,-0.84945,-0.25945,-0.88299,0.52697,-0.33794,-0.33109,0.74542,1.12818,1.14431,1.20096,-1.31006,-0.79173,0.033467,0.063,1.3712,-0.8145,-0.805375,3.291714,0.9476,1.063867,4.824485,9.160125,0.621856177767446,-0.521085464633361,-0.602948194413352
"T048",0.71,-0.447,5.429,0.55,-2.27,-0.12,-0.19,-0.04,0.83,0.86,1.36,2.416,5.766,4.95,4.091,2.07,3.163,3.244,5.687,-0.5,-1.241,2.806,4.261,2.332,4.077,5.41307,3.26332,1.36302,4.87827,5.17308,4.60458,3.98671,3.93904,4.34286,2.79296,-1.48129,-1.34914,-1.56527,-1.40189,-1.92455,-1.20186,-1.54558,2.514,1.40434,-1.63397,1.38112,1.99998,1.1422,1.64444,-2.19667,-1.14752,2.947033,4.2075,3.591,0.732975,3.21755,5.318186,-0.31642,0.682993,3.071555,7.50215,-0.242503309077062,0.706819351638933,-0.381383770034717
"T049",0.684,0.017,4.91,0.62,-0.82,-0.07,-0.06,0.01,0.36,0.06,1.27,2.023,5.733,4.86,3.736,1.47,2.963,2.889,4.605,-0.529,-0.067,1.935,4.12,2.798,4.09,5.03945,3.06687,1.3211,4.86707,5.01845,4.84459,3.56425,3.67159,4.30543,2.50858,-1.1192,-1.20486,-1.33867,-1.1537,-1.59974,-0.73705,-1.01574,2.29714,1.14998,-1.47569,1.26892,1.86262,1.03939,1.48715,-1.87061,-1.10462,2.7278,3.784,3.1228,0.12475,3.114,4.601714,1.6478,0.699667,3.388394,8.809625,-0.0844357023680757,0.503168413552361,-0.345378425342315
"T050",0.442999999999999,-0.259,4.508,1.28,-0.83,-0.11,0.01,0,-1.12,-0.6,0.05,1.523,4.876,3.571,3.017,2.068,2.006,3.765,4.988,-0.741,-3.587,0.875,2.824,1.7,3.137,5.00381,2.65375,1.38445,4.65669,4.99939,4.73662,3.46248,3.79619,4.4196,2.45656,-1.01533,-0.75971,-0.66253,-0.7605,-2.04275,-0.45802,-0.81138,2.15684,0.53502,-0.41483,1.04067,1.64743,1.10859,1.43088,-2.10234,-1.31949,1.784467,2.831,2.3804,-0.35975,2.19775,5.081714,0.1568,1.263867,4.39003,9.6025,0.364133464871022,0.0928485581858982,-0.45971276645068
"T051",-0.736,-0.376,1.652,-0.69,1.52,0.06,0.12,0.08,-2.57,-1.34,-2.04,-2.281,2.9,0.955,0.902,1.103,0.324,1.433,4.57,-1.966,-5.572,-0.917,0.315,-1.411,1.39,4.33157,2.01198,0.59585,3.91517,4.07666,3.98077,3.00229,3.13408,3.55647,1.7735,0.3315,0.17801,-0.17859,0.3385,-1.16763,-0.03011,-0.50687,0.43943,-0.2842,0.24065,0.7168,1.01861,0.98209,1.05045,-1.53317,-0.8692,-0.527367,-0.4626,0.06896,-2.99995,-1.453725,3.721529,-0.98988,0.621253,3.400291,9.00745,0.358662523252989,-0.768608050661676,-0.533508296295625
"T052",-0.614,0.161,3.141,0.18,1.18,0.07,0.07,0.06,-2.51,-1.32,-0.21,0.159,3.375,3.288,2.072,2.393,1.368,2.001,4.445,-2.269,-4.572,0.231,1.781,0.889,1.147,4.59313,2.18623,1.42237,4.5719,4.50937,4.5696,2.90182,3.08286,4.07287,2.3118,-0.17409,-0.00547,-0.15733,-0.15905,-0.94164,-0.0741,-0.65353,1.42043,-0.23469,-0.14619,1.02237,1.42854,1.02986,1.30863,-1.68147,-1.02562,1.140553,3.0417,1.3573,-1.3083,1.46775,3.972086,-0.6995,0.889633,4.92067,9.46595,0.337705088082873,-0.62663727733953,0.0774599958386408
"T054",-0.662,-0.502,1.317,-0.11,1.45,0.03,0.16,0.06,-2.92,-1.44,-2,-2.047,1.904,0.997,0.167,1.793,-0.598,1.473,3.423,-2.003,-6.198,-1.263,-0.527,-1.194,1.955,4.94567,2.00181,1.0655,4.26479,4.60366,4.30617,3.18093,3.36926,4.13167,2.05079,0.31394,0.1267,0.28743,0.23406,-1.15184,-0.07298,-0.41754,0.52657,-0.27674,0.14114,0.7779,1.01948,1.05911,1.2027,-1.56468,-0.95747,-0.507973,-0.1691,0.19992,-1.966325,-1.044,4.054071,-0.6955,0.37784,4.527176,9.78775,0.316497217955894,-0.568765783431521,-0.380840187887217
"T056",-0.34,-0.774,4.374,1.34,0.82,-0.05,0.17,0.03,-1.96,-0.89,-0.44,1.085,4.551,3.017,3.232,4.655,2.342,2.513,5.531,0.286,-3.995,1.575,2.87,1.835,1.674,4.48999,2.26852,1.11485,4.33513,4.53582,4.30182,3.29012,3.56389,4.30315,2.32088,-0.82831,-0.7089,-0.52066,-0.30946,-1.21856,-0.24299,-0.82148,1.67846,0.23568,-0.41503,0.8024,1.55667,1.13085,1.50877,-2.00155,-1.143,1.979667,1.7424,2.14262,-0.098725,1.446837,4.346543,1.9984,1.63768,5.157697,10.246712,0.531953755821419,-0.571214295757717,-0.791216061951628
"T057",-0.750999999999999,0.545,1.176,-0.77,1.31,0.15,0.01,0.06,-3.91,-2.12,-1.61,-2.383,0.945,1.619,-0.169,0.748,-0.314,-0.182,2.009,-3.438,-5.337,-1.931,-0.921,-1.69,2.1,3.6133,1.2705,0.49551,3.62961,3.53346,3.6006,2.04344,2.53494,3.69201,1.09997,0.22623,0.07887,-0.08567,0.40722,-0.42246,0.30591,-0.25992,0.31453,-0.38608,0.37535,0.81802,0.94866,0.83238,1.03208,-1.35343,-0.75829,-0.950591,1.34883,-0.292834,-2.55689,-0.953351,2.67815,-2.316338,-0.175791,3.430225,8.956926,0.196489944527262,-0.668001209549014,0.480421027542105
"T058",0.516,-0.437999999999999,4.611,1.17,-0.8,-0.07,-0.04,0,-0.78,-0.2,0.7,2.54,4.908,4.261,3.391,2.23,2.49,2.089,2.556,-1.036,-3.685,1.403,3.604,1.803,3.464,5.0621,3.06705,1.50883,4.95307,5.23006,5.12145,3.549,3.7079,4.21461,2.76981,-0.96424,-0.75247,-0.80208,-0.73701,-1.53496,-0.5996,-0.60731,2.1416,0.60256,-0.80061,1.04928,1.7631,1.02794,1.45599,-1.83079,-0.94984,2.646947,3.1564,2.6017,-0.2766,3.878675,4.287957,1.67754,1.60442,4.046161,8.734887,0.393887306386539,0.253402665736396,-0.563957376987614
"T059",-0.63,-0.483,2.546,0.97,-0.1,-0.01,-0.03,0.05,-2.99,-1.61,-1.41,1.123,3.836,1.882,1.916,1.736,1.136,1.417,2.625,1.639,-6.13,-0.786,2.156,0.885,3.165,4.10757,2.12789,0.8631,4.01779,4.35437,4.10281,2.42211,2.86073,4.06947,1.94233,-0.34334,-0.20019,-0.39628,-0.24801,-0.32679,0.09534,-0.37802,1.58357,0.07021,-0.03388,0.76216,1.36512,0.94915,1.05151,-1.80821,-0.79936,1.644467,1.197,1.5342,-0.927,2.530625,2.799571,0.9972,3.5238,4.655212,8.56175,0.584611720726189,-0.660304694781158,-0.508777213213826
"T060",0.582,0.416,4.602,0.67,-0.73,-0.04,-0.02,-0.03,0.6,-0.14,-0.59,-1.934,3.68,2.859,3.495,3.671,2.056,3.505,2.637,0.462,-3.07,1.201,2.723,1.832,4.221,5.58717,3.24067,1.41875,5.23034,5.61673,5.37062,4.09624,4.44785,4.56494,2.98516,-1.492,-1.41531,-1.58252,-0.63728,-2.03272,-0.76181,-1.58035,1.97233,0.84626,-2.46026,1.23251,1.81952,0.97306,1.53024,-2.42127,-1.3766,1.7934,1.984,1.8586,-1.455,-1.392,5.309429,0.379,0.239333,2.143909,8.9735,0.244789870325526,0.568483436157628,0.0898944393485547
"T061",0.337,-0.703,3.493,-0.26,-1.03,-0.02,-0.07,-0.06,-0.06,1.33,-0.97,-0.993,3.626,2.371,2.282,0.991,1.631,1.824,1.505,-1.79,-4.38,0.67,2.056,0.814,3.236,5.17402,3.41396,1.92438,4.90025,5.19043,4.95169,3.18944,3.23754,3.88919,2.96496,-0.18432,-0.45604,-1.05599,-0.30006,-0.99336,-1.30086,-0.63435,0.7872,0.4571,-1.08648,0.81287,1.37742,0.93435,1.2779,-1.85008,-0.75073,1.053547,0.6702,1.68916,-1.3889,-0.324225,3.507643,-0.77942,1.70728,3.129203,7.608937,0.368427728313185,0.421458453845258,-0.652833750528037
"T062",-0.573,-0.278999999999999,3.124,0.6,-0.13,-0.01,-0.05,0.07,-2.58,-1.46,-1.72,0.386,3.429,1.444,1.822,1.698,0.846,0.995,4.306,-2.65,-3.598,-0.343,1.797,0.348,0.555,4.83436,2.1471,0.86603,4.3825,4.52445,4.33271,3.35827,3.64303,4.07954,2.05916,0.00418,-0.2309,-0.21257,0.01913,-0.73579,-0.08969,-0.45784,1.6657,0.03522,-0.08658,0.97737,1.40774,1.15031,1.19078,-1.72905,-0.94121,1.310413,0.7,1.23168,-0.993475,1.697388,3.524471,1.22914,0.744327,4.530591,8.671175,0.496559361535196,-0.575378660006444,-0.0764762899296189
"T064",-0.29,0.652,3.498,-0.27,-0.71,0.03,-0.16,0.03,-0.41,-0.61,-0.81,0.163,3.524,2.587,2.346,1.376,1.336,1.845,2.011,-1.622,-2.825,0.535,2.111,1.221,4.449,4.63204,3.35267,1.44281,4.87831,4.70739,4.72445,3.28441,3.49543,4.16956,2.36398,-0.63106,-0.83789,-0.69984,-0.66844,-1.25883,-0.42739,-0.48327,1.5499,0.58833,-1.47519,1.21533,1.44401,0.85076,1.16728,-1.85545,-0.93237,1.332727,1.404,1.1681,-1.22085,0.955025,4.543443,0.28978,0.590653,3.045558,7.568112,-0.170916906317552,-0.268608407442247,0.62886782492986
"T065",-0.632,-0.597,2.982,-0.06,0.46,0.01,0.04,0.05,-2.42,-1.78,-1.03,-0.536,2.848,2.35,2.094,1.828,1.036,1.579,2.974,-2.113,-4.554,-0.174,1.103,0.559,0.597,4.55038,1.90861,0.82807,4.02229,4.40373,4.28691,3.26214,3.49123,4.25301,1.94156,-0.02148,-0.14359,-0.12365,0.07829,-0.91193,0.13862,-0.41399,1.12734,-0.16206,-0.39797,0.94219,1.37703,0.97272,1.28902,-1.64649,-0.89506,0.503427,1.668,1.49756,-1.302225,-0.068475,3.679257,-0.59982,0.638773,4.770342,9.109687,0.399943632809169,-0.659741998697686,-0.491865678417152
"T066",-0.392,0.146,2.56,0.61,1.09,0.06,0.15,-0.02,-1.85,-1.12,-1.7,-3.824,2.573,1.489,1.367,0.607,0.355,2.214,3.764,-1.092,-5.715,-1.033,0.601,-0.27,1.608,4.91559,2.63179,0.85161,4.51563,4.77346,4.46906,2.84401,3.03422,4.03833,2.37969,-0.28078,-0.4853,-0.36357,0.19777,-1.36952,-0.16722,-0.7539,0.54878,-0.26301,-0.14047,0.83517,1.16428,0.88406,1.18867,-2.02934,-1.08731,-0.303716,0.24687,0.145968,-2.575295,-2.655554,4.32024,-1.940826,1.074847,3.120901,9.724134,0.464149169588485,-0.171362600145406,-0.259236466019581
"T067",0.077,-0.724,3.72,0.26,0.27,-0.01,0.05,0.02,-0.93,-0.31,-0.24,1.674,4.231,3.246,2.442,0.343,1.297,1.232,2.16,-2.689,-6.903,0.174,2.761,1.131,3.498,4.94545,2.87465,1.45566,4.51969,4.98356,4.82908,2.97073,3.20282,3.81072,2.36439,-0.57706,-0.51493,-0.34226,-0.66993,-1.09692,-0.55113,-0.46876,1.85775,0.40734,-0.6042,0.90269,1.52697,0.9329,1.2726,-1.85857,-0.91083,1.67754,2.0754,1.1908,-1.5495,2.8545,3.4217,0.71592,1.339827,3.165703,8.857038,0.165189340618835,-0.181319871225461,-0.687079161381786
"T068",-0.332,-0.524,3.695,0.2,-0.8,-0.03,-0.12,0.05,-1.49,-0.91,-0.82,0.978,3.886,2.597,2.317,1.617,1.178,-0.076,4.52,-1.849,-4.691,0.474,2.278,0.748,1.898,4.89175,2.4781,0.90734,4.3236,4.63321,4.40603,2.83406,3.11854,4.02061,2.33209,-0.51939,-0.33072,-0.40614,-0.39942,-0.74561,-0.35204,-0.80576,1.72827,0.22826,-0.47781,0.94669,1.52819,0.94188,1.19783,-1.64393,-0.68248,1.108667,1.8708,1.7495,-0.793725,2.385225,3.473986,0.57464,0.515807,3.567485,7.866062,0.482562445561152,-0.236254098935972,-0.424703176071541
"T070",0.132,0.638,3.792,-1.09,-0.67,0.07,-0.16,0,-0.42,-0.53,-0.61,-0.101,3.831,2.839,2.223,1.359,1.634,1.905,-2.793,-2.51,-5.745,0.346,2.147,0.872,2.557,4.71909,2.83593,1.48858,4.09976,4.56896,4.29172,3.2105,3.40489,3.85388,2.28926,-0.69253,-0.63196,-1.11725,-0.52361,-1.4302,-0.51685,-0.85136,1.51757,0.63747,-1.31164,1.31554,1.56778,0.93628,1.34807,-1.7716,-0.90722,0.999543,2.04767,1.435102,-1.52127,1.005735,4.417547,-0.043938,-0.005563,3.253377,7.414002,-0.502559016102704,0.31445482639011,0.646612400108438
"T071",0.407,0.605,3.576,-0.92,0.27,0.08,0.02,-0.06,-0.41,-0.67,-0.69,-1.287,4.046,2.747,2.438,1.422,1.392,2.807,0.028,0.324,-5.842,-0.143,1.588,0.423,2.293,4.88308,3.0857,1.56333,4.95953,5.02803,4.89291,2.89172,3.06017,3.90471,2.92262,-0.33307,-0.47753,-0.99092,0.00084,-1.62639,-0.37933,-0.91546,0.77297,0.03766,-1.72038,1.36617,1.41978,1.11004,1.32487,-1.96031,-1.26646,0.535973,1.684,1.45196,-2.240025,-0.31545,4.9133,-1.7234,0.387867,3.312688,8.546413,-0.497038135203461,0.591452905161834,0.612045457396519
"T072",0.135,-0.546,4.85,1.78,0.06,-0.05,0.05,0.03,-0.65,-0.43,0.83,2.743,5.55,4.399,3.606,2.265,2.588,1.809,4.798,-0.588,-2.026,1.741,4.317,2.632,3.768,4.73334,2.74079,1.35422,4.61473,4.80281,4.39803,3.35729,3.58673,4.35165,2.59139,-1.4449,-0.90212,-0.86041,-1.04141,-0.90544,-0.50142,-0.85283,2.41413,0.76657,-1.25104,1.14622,1.7995,1.15041,1.50428,-1.95837,-0.98856,3.19984,3.4784,2.97396,-0.1347,4.279,4.012957,1.32638,1.1745,4.287961,9.748738,0.553328097010035,-0.461746138252778,-0.617209657556157
"T073",0.08,0.0969999999999999,4.198,1.3,-1.63,-0.04,-0.22,0.03,-0.99,-0.81,0.57,3.412,5.362,4.129,2.986,1.958,2.426,1.691,2.91,-0.205,-3.087,1.406,4.077,1.876,3.772,4.92508,2.49898,1.10161,4.5009,4.85678,4.24421,3.15241,3.44858,4.09673,2.46237,-1.58235,-1.1964,-0.8397,-1.02303,-1.10762,-0.36089,-0.4007,2.56343,0.85972,-1.03204,1.2701,1.88668,0.91956,1.38129,-2.12665,-0.94993,3.136227,3.534,2.40894,0.194525,5.320862,4.467543,1.51242,1.942353,3.075324,7.6102,0.460607420592453,-0.154145436664132,-0.259620792421255
"T074",0.592,0.283,4.265,1.16,-1.44,-0.06,-0.16,0,-0.33,-0.12,0.25,3.85,5.716,3.782,3.443,2.181,2.202,1.818,5.852,-1.241,-2.788,1.74,4.209,2.675,4.516,5.14761,2.97012,1.19534,4.93414,5.09325,4.53007,3.46175,3.74846,4.29706,2.66288,-1.64492,-1.46825,-0.92901,-1.47817,-1.30447,-0.70687,-1.05329,2.75308,1.18916,-1.35629,1.2731,1.92955,1.06549,1.56011,-1.99689,-1.07701,3.33602,3.0143,2.42454,-0.15045,5.170125,4.373629,2.38594,1.0249,3.414909,7.63975,0.0925575150409491,0.324338414193148,-0.000301560877674828
"T076",0.309,-0.77,4.664,1.68,0.44,-0.1,0.19,0.01,-0.91,-0.35,-0.12,3.294,5.737,3.39,3.468,2.856,2.408,1.799,3.987,-0.686,-2.858,1.946,4.078,2.201,3.928,5.06945,2.65838,1.40903,4.73438,4.9529,4.49748,3.57596,3.97947,4.43972,2.72604,-0.97523,-1.35377,-0.44731,-1.06001,-1.16128,-0.56986,-1.01607,2.68885,0.88233,-1.11996,1.1106,1.77248,1.20306,1.60071,-2.23451,-1.23382,3.2014,2.612,2.538,0.56875,4.359625,4.325143,3.0796,1.351267,4.853242,9.982375,0.465934157094628,-0.270054398961742,-0.739304968679363
"T078",-0.618,0.241,1.596,-1.64,0.09,0.03,-0.02,0.03,-2.04,-1.74,-1.99,-2.985,3.431,1.096,0.424,1.392,0.791,2.271,3.161,-0.966,-5.987,-1.711,0.325,-1.407,0.894,4.94288,2.08369,0.84763,3.7132,4.17131,4.23844,3.07533,3.30915,3.6752,1.42907,0.29207,0.20042,-0.41337,0.24142,-1.53468,0.14264,-0.68107,0.27699,-0.2615,0.08733,0.93321,1.06339,1.0046,1.1483,-1.97803,-0.95781,-0.138647,0.5381,0.1677,-2.760825,-1.598288,4.688657,-2.47568,0.916727,3.563709,8.014925,0.242582995959333,-0.459914134876128,0.133090399764566
"T079",-0.111999999999999,0.497,2.706,-1.34,1.02,0.11,0.1,-0.04,-0.07,0.21,-0.35,0.065,4.207,3.119,1.753,1.637,1.054,2.169,1.255,-1.094,-3.399,0.309,1.822,0.876,2.743,4.99055,3.01004,1.93716,4.81536,5.10445,4.83203,2.82849,2.92412,4.05223,2.97735,-0.21506,-0.60139,-0.75854,-0.36379,-1.24038,-0.76048,-1.1484,1.54701,0.388,-1.5605,1.26899,1.19706,1.02393,1.26003,-1.76117,-1.18566,1.1438,2.957,1.4298,-1.5405,1.1075,4.180571,0.7182,-0.309867,3.119242,9.076875,-0.45006030253047,0.340061766938315,0.573920657850449
"T080",0.172,-0.196,2.983,-0.28,-1.26,-0.12,-0.06,0.01,-0.82,-0.73,-0.89,0.447,4.754,2.51,2.027,0.869,1.317,2.594,5.196,-1.011,-6.148,0.229,2.572,0.392,2.623,5.70274,2.39131,1.01022,4.61042,4.97253,4.69472,4.04897,4.08255,4.31563,2.1301,-0.09896,-0.80644,-0.17797,-0.6558,-2.02424,-0.50388,-1.17163,1.56511,0.72284,-0.75925,1.33319,1.55237,1.14785,1.43959,-1.98314,-1.0917,1.464307,1.8499,1.7465,-0.963775,1.354838,5.075514,0.24112,0.474893,3.51187,8.005463,0.159886872154324,0.348144769813764,0.174854534455855
"T083",-0.446,0.546,1.206,-1.17,0.75,0.13,-0.04,0.04,-1.89,-0.9,-2.76,-2.599,2.208,-0.322,-0.41,1.283,0.65,1.975,2.625,-1.518,-5.068,-2.121,-0.073,-1.112,2.483,4.51115,2.06708,0.78469,4.08758,4.35324,4.05441,2.79526,2.97985,3.37876,1.69239,0.27378,-0.20476,-0.92197,0.02118,-1.31974,-0.29871,-0.57554,0.51711,0.08718,-0.33767,1.09636,1.1918,0.91321,1.05794,-1.47669,-0.94559,-0.59798,-1.3981,-0.95672,-2.738225,-0.79525,4.016557,-0.95218,-0.044113,2.103109,8.511988,-0.0844760927669751,-0.250085087318474,0.463397942875108
"T086",-0.406,-0.45,2.636,0.18,-0.79,-0.12,0,0.02,-1.81,-0.88,-1.96,0.088,4.142,1.052,1.664,1.723,0.825,2.881,2.394,-0.729,-4.24,-1.136,1.533,0.156,2.998,4.8131,2.11409,1.06561,3.94613,4.34846,4.24967,3.17168,3.48526,3.95834,1.84934,-0.02592,-0.4825,-0.10607,-0.19179,-1.73185,-0.3587,-0.67287,1.08498,0.23497,0.01178,0.93304,1.2827,1.0385,1.27958,-2.08916,-1.20612,0.930327,-0.196,1.20356,-2.3021,1.4522,5.458186,-0.05554,1.53672,3.628288,8.766875,0.185287609365601,-0.257544174725723,-0.332993845818731
"T087",0.52,-0.662999999999999,5.047,-0.32,-0.12,-0.06,0.02,0.04,-0.56,-0.53,0.91,0.547,4.734,4.489,3.496,2.127,2.44,2.287,5.397,-0.96,-6,1.757,3.564,1.728,3.344,5.22884,2.73283,1.42613,4.64527,5.04728,5.08167,3.46147,3.60934,4.0144,2.49623,-0.41139,-0.72856,-0.70468,-0.85942,-1.37644,-0.44307,-0.75168,1.97116,0.69195,-0.96773,1.03404,1.74246,1.07224,1.38978,-1.83942,-0.97726,2.013753,3.4072,2.74532,-0.294775,1.021913,4.210286,2.01736,0.74202,3.649545,9.024275,0.130589453999553,-0.387226637690996,-0.627172062669977
"T089",0.366,0.268999999999999,4.231,-0.72,0.26,0.07,-0.05,0.02,-0.45,-0.85,0.27,1.584,4.403,3.813,3.046,1.418,2.105,2.238,1.502,-2.288,-2.747,1.194,3.163,1.677,2.903,5.17088,2.7185,1.87387,4.62222,4.80015,4.23466,3.24749,3.52154,4.24267,2.31214,-0.72124,-1.0068,-0.92012,-0.94131,-1.1024,-0.31638,-0.78922,1.69523,0.83985,-1.1738,1.28952,1.77504,1.06954,1.42515,-1.7624,-0.85345,2.272073,3.1878,2.4658,-0.358375,2.751062,4.3411,0.55066,0.70944,3.886382,8.42755,-0.150330249933355,0.153414648792996,0.417798697748673
"T090",0.466,-0.654,5.062,0.56,0.47,-0.06,0.13,0.02,0.62,0.31,0.95,0.643,4.787,4.526,3.89,5.132,2.529,2.136,3.848,0.161,-2.417,1.699,3.854,1.964,2.782,5.65567,2.88451,1.57724,4.68848,5.18031,4.56295,3.60523,3.87829,4.67258,2.73959,-0.54482,-1.10275,-0.7761,-0.86189,-1.23355,-0.93321,-1.50659,1.99523,0.72356,-2.21066,1.10874,1.82919,1.21415,1.5959,-1.95546,-1.25422,2.650733,3.794,3.1112,-0.06325,1.917,4.360429,2.9228,2.0252,5.150424,9.639625,0.358816631684973,0.194426955724043,-0.551282398871482
"T092",0.46,0.415,4.652,-0.53,-0.62,-0.03,-0.05,-0.01,0.57,0.19,0.52,1.158,5.342,4.07,3.554,2.068,2.711,2.821,3.681,-0.457,-1.238,1.834,3.581,1.863,3.399,5.25817,3.03079,1.33465,4.46492,4.83329,4.57461,3.67696,3.76584,4.02753,2.2792,-0.65284,-1.11978,-1.09565,-0.90172,-1.72535,-0.83089,-1.15315,1.79206,0.9549,-1.61988,1.40032,1.82759,1.04896,1.4996,-2.14626,-1.16376,2.308253,2.9838,2.56952,-0.154475,2.514562,5.244729,0.18052,0.46932,3.566564,8.712075,-0.253420472568285,0.372178575316695,0.394870433748831
"T093",-0.389,0.495,2.036,-0.79,0.84,0.09,0.01,0.05,-1.93,-1.56,-2.28,-2.085,1.81,0.654,0.488,0.872,0.426,1.92,2.897,-0.322,-5.908,-1.073,0.793,-1.206,2.365,4.83563,2.42151,0.95523,4.78168,4.79872,4.50103,2.98469,3.23938,3.89318,2.08786,0.22343,-0.29122,-0.62019,-0.1154,-1.4533,0.05866,-0.57745,0.77015,0.13965,-0.18059,0.88172,1.20941,0.91584,1.074,-1.55993,-0.85705,0.342353,0.0946,-0.2032,-2.49525,-1.0418,3.924557,-0.85754,0.414313,2.749652,8.921912,0.149694681830354,-0.371199504989288,0.232746214940597
"T094",0.578,0.456,5.922,-0.06,-1.62,-0.06,-0.18,-0.01,1.25,0.6,1.45,3.118,5.47,5.04,4.578,3.702,3.484,3.221,1.596,0.257,-0.899,2.243,4.318,2.915,4.133,5.23703,2.84355,1.40098,4.77324,5.03742,4.79203,4.01752,4.17506,4.33065,2.57325,-1.57243,-1.36774,-1.80092,-1.32156,-1.93471,-1.04193,-1.46547,2.7662,1.31007,-2.21545,1.54779,2.04569,1.08117,1.59843,-2.31286,-1.3149,3.074867,4.197,3.4868,0.252,3.62575,5.629143,2.3978,0.911067,2.722697,7.920125,-0.426205256922946,0.513990322693076,0.536739272686331
"T095",-0.159,-0.607,3.685,-0.09,0.48,-0.05,0.11,0.04,-1.66,-1.39,-1.12,2.246,4.545,2.21,2.032,1.418,1.301,1.782,4.141,-0.267,-5.478,0.609,2.909,0.243,2.598,5.0754,2.27934,1.15807,4.17631,4.49487,4.18677,3.11414,3.4262,3.99721,2.09089,-0.37682,-0.62197,-0.07305,-0.68934,-1.41114,-0.02141,-0.62122,1.73553,0.38066,-0.21315,1.00526,1.50086,1.09918,1.37776,-2.24653,-1.07608,2.023587,0.8862,1.81336,-0.6318,3.695137,4.671943,1.59416,1.01274,3.9852,9.552625,0.288989049076038,-0.477536611656352,-0.525809988848944
"T096",-0.702,-0.74,2.91,-0.97,0.45,-0.02,0.05,0.05,-2.72,-1.27,-1.85,-2.017,3.601,1.244,1.589,1.682,1.607,1.335,2.468,-2.204,-4.694,-0.776,0.782,0.711,0.827,4.29057,1.64216,0.95179,3.51952,3.69439,3.4956,2.64607,2.7217,3.77468,1.637,0.46772,-0.4347,-0.44042,0.3266,-0.78312,0.02306,-0.41497,0.11045,-0.26384,-0.19583,0.55364,1.02378,1.0489,1.10566,-1.21984,-0.69484,0.434667,-0.301,1.6756,-0.76175,-0.58625,2.841143,-1.0854,1.6568,5.303515,8.388125,0.436308496381759,-0.61329740204956,-0.629123720969127
"T097",0.342,0.0139999999999999,3.026,-0.66,-0.16,-0.05,0.04,0,-0.44,-0.62,-0.9,0.487,4.918,2.499,2.156,1.316,1.312,2.057,2.125,-0.889,-3.467,0.242,2.547,0.486,3.012,5.06559,2.68471,1.30899,4.31507,4.68501,4.53098,3.51329,3.57769,4.04103,1.93861,-0.156,-0.83428,-0.17915,-0.6178,-1.43529,-0.47424,-0.88991,1.42034,0.65169,-1.15631,1.35718,1.56229,0.99877,1.36554,-1.94935,-0.96996,1.60112,1.5354,1.84976,-1.3899,1.752363,4.955157,1.6082,1.303787,3.594291,8.635775,-0.259016671207436,0.257422865626224,0.229184996674054
"T098",-0.216,-0.698,3.627,-0.04,1.92,-0.03,0.32,0.04,-1.56,-0.21,-0.66,-0.117,4.625,2.785,2.307,1.707,1.513,2.301,5.762,-0.024,-5.257,-0.196,2.398,0.766,2.646,4.73385,2.24685,1.14577,4.09353,4.40634,4.09778,3.40613,3.51934,3.9525,2.09952,-0.14434,-0.608,-0.11156,-0.31438,-1.40466,-0.56248,-0.97582,1.36886,0.43376,-0.25545,0.89241,1.35852,1.18471,1.36511,-1.77281,-1.14129,1.290747,1.6566,1.12994,-2.103475,-0.0461,3.997486,1.44156,1.152127,4.035773,10.044025,0.356038590273182,-0.561446842029166,-0.671379274689224
"T099",-0.708,0.442999999999999,1.36,-1.63,0.08,0.05,-0.07,0.04,-2.46,-1.25,-2.15,-2.622,2.982,0.617,-0.06,-0.23,0.546,1.306,2.485,-0.24,-7.509,-2.38,0.156,-3.456,1.248,4.41336,1.55205,0.51552,2.95299,3.50145,3.53265,2.406,2.586,3.00965,1.33842,-0.44389,0.20969,-0.23744,0.44558,-0.78642,-0.04492,-0.11823,0.13539,-0.3867,0.22815,0.9563,0.83868,0.91236,0.90701,-1.63719,-0.52073,-1.055,-1.5174,0.16182,-3.589675,-0.906175,2.559229,-1.11208,2.2115,2.95857,7.261525,-0.277896990708771,-0.667298340987397,0.323909312726017
"T100",-0.0969999999999999,0.154,2.72,-0.51,0.86,0,0.17,-0.01,-0.55,-0.83,-1.1,0.055,4.295,2.257,1.611,1.35,1.231,2.062,3.898,-1.478,-6.761,-0.493,2.148,-0.96,2.54,5.1307,2.4567,1.12798,4.40298,4.69279,4.52275,3.28948,3.34051,3.90385,2.04364,-0.03149,-0.53611,-0.37031,-0.30101,-1.58419,-0.34203,-0.91848,1.2881,0.39767,-0.86694,1.16802,1.35899,1.03009,1.32702,-1.90112,-1.12581,0.904733,1.2391,0.72914,-1.977425,0.579713,4.672157,-0.37274,0.207167,3.646088,9.5393,0.082174770345009,-0.100235596487471,-0.168878977404508
"T101",-0.504,0.565,2.849,-1.56,0.08,0.08,-0.11,0.05,-1,-0.84,-1.19,0.604,3.758,2.153,1.664,2.533,0.416,1.846,1.515,-2.833,-7.145,-0.776,1.508,-0.404,1.681,4.88732,2.12863,0.87863,4.29855,4.5225,4.39017,3.38931,3.51303,3.71655,1.83299,0.02181,-0.23804,-0.07919,-0.19307,-1.2004,-0.35833,-0.9699,1.4198,0.23279,-0.53615,1.26012,1.32095,0.94978,1.28889,-1.62979,-0.94001,0.633033,1.5989,0.8932,-1.97645,1.94995,4.1332,0.40846,-0.429407,3.005412,7.258163,-0.420733818501162,-0.276039743784748,0.64475889471057
"T103",0.716,0.419,5.587,-0.14,-2.26,-0.13,-0.12,-0.09,1.17,1.39,0.83,2.811,6.256,4.395,4.286,3.054,3.172,3.565,1.192,0.241,-3.043,2.077,4.152,2.409,3.042,6.0198,3.26263,1.72926,5.02957,5.35313,4.72732,3.88385,3.89609,4.55373,2.50523,-1.3244,-1.92948,-1.47988,-1.38808,-2.19099,-1.65374,-1.75434,2.61645,1.60489,-2.31864,1.91779,2.03911,1.19002,1.7138,-2.46112,-1.50563,3.30212,3.5149,3.2032,0.792225,3.516037,5.969586,0.77054,0.776047,2.914439,8.038488,-0.613040410579104,0.744255318078312,0.555240971031594
"T104",0.222,0.584,3.937,-1.16,-0.92,0.04,-0.19,0.01,0.53,0.09,-0.02,-0.967,4.066,3.49,3.068,2.168,1.817,1.481,2.12,0.46,-1.689,2.518,3.041,1.127,1.937,5.17924,3.10837,1.41714,4.79171,4.82114,4.18011,3.39325,3.38089,3.94866,2.62628,-0.74666,-0.67813,-0.8277,-0.62252,-1.3521,-0.7654,-0.80731,1.05236,0.77592,-1.75494,1.19128,1.68172,0.87866,1.25531,-2.05468,-0.83465,1.706153,2.6204,1.87724,-0.115875,-0.829012,4.602629,1.07062,0.712547,1.940506,6.869225,-0.257958026569553,-0.0117091156303493,0.468802527578623
"T105",-0.67,0.242,2.051,-1.08,1.51,0.09,0.1,0.06,-1.89,-0.96,-2.08,-1.342,2.527,0.936,0.411,0.151,0.352,0.416,3.242,-3.691,-7.373,-1.607,0.453,-2.135,1.236,4.35512,1.72672,0.62191,3.41865,3.71045,3.71313,2.38119,2.5059,3.37363,1.31061,0.23986,-0.02989,0.07836,0.25238,-0.71112,-0.21547,-0.45178,0.80947,-0.28681,-0.08837,0.93535,1.05109,0.97077,0.91581,-1.02562,-0.6758,-0.385607,-0.1927,-0.63848,-3.171975,-0.381425,2.876457,0.07142,0.426287,3.677255,9.337325,0.0560480699495297,-0.625856166552225,-0.00126786107099051
"T109",-0.4,-0.609,0.888,-0.49,-0.61,-0.02,-0.08,0.02,-2.18,-1.63,-2.87,-4.656,2.932,-0.621,-0.658,-1.379,-0.115,1.652,3.177,-1.712,-7.459,-3.004,-0.571,-1.006,1.93,5.05524,2.63271,1.09149,4.76259,4.91012,4.64652,3.05775,3.12671,3.70238,1.94633,0.38869,-0.00531,-0.48319,0.23821,-1.22401,0.09329,0.13627,0.20134,-0.17809,0.02913,0.66541,1.02237,0.87071,0.93806,-1.41451,-1.04424,-0.997167,-1.9625,-1.4416,-4.334125,-2.854437,3.274714,-2.8523,0.122067,2.480094,7.430462,0.101670680704291,-0.261485669323309,-0.556802108536221
"T110",0.457,-0.144,4.656,-0.51,-0.2,-0.08,0.06,0.01,-0.06,0.27,0.55,0.151,5.87,4.1,3.12,1.515,2.313,3.621,6.101,-0.553,-2.056,1.532,3.647,1.501,3.412,5.15474,2.51569,1.20391,4.08103,4.54228,4.22743,3.53353,3.51466,3.86341,1.96043,-0.51291,-1.18846,-0.35516,-0.96597,-1.74659,-0.75246,-1.21585,1.46177,1.00643,-0.79718,1.28807,1.69484,1.23043,1.4673,-1.921,-1.33078,2.038613,2.8177,1.96676,-0.291,0.759162,5.268386,0.91978,0.17974,3.636906,9.445163,-0.124271937933468,-0.00274951474356279,-0.287434289353628
"T112",0.548999999999999,-0.541,5.46,0.82,-0.24,-0.13,0.1,0.01,-1.28,-0.32,0.64,3.376,5.338,4.207,4.357,3.638,2.592,4.528,4.762,1.421,-6.821,2.141,3.96,2.294,2.335,5.58478,2.56654,1.5509,4.74687,5.04494,4.56173,3.91503,4.14618,4.57605,2.5499,-0.51264,-0.89576,-0.65011,-0.81161,-2.271,-0.57492,-1.4435,2.18531,0.59217,-1.13001,1.1367,1.83913,1.2949,1.74894,-2.55033,-1.68297,2.912,3.629,3.1658,0.996,4.025875,5.942571,1.5072,1.862667,5.650909,9.941625,0.216358513651651,0.278808444620674,-0.507422633717731
"T114",0.628,0.541,3.18,-0.64,-0.56,0.04,-0.07,-0.06,-0.1,0.01,-1.42,2.183,4.42,1.869,2.14,2.241,1.641,2.961,0.802,-0.25,-4.659,0.289,2.331,1.132,2.705,5.30112,3.11954,1.83459,4.95275,5.14069,4.69302,3.255,3.38105,4.05125,2.66022,-0.4904,-0.719,-1.87795,-0.57226,-1.98067,-0.82275,-1.19835,1.45013,0.82645,-1.81905,1.55331,1.58383,1.18245,1.37757,-2.10447,-1.48148,1.503913,1.1313,1.4328,-1.7573,3.552575,5.405414,-0.26646,0.686447,3.173552,8.5483,-0.522105680823645,0.714927558016386,0.567474531810341
"T115",0.057,0.379,4.084,-0.67,-1.12,-0.04,-0.12,-0.01,0.35,0.02,-0.31,0.974,4.748,3.171,2.678,3.303,1.835,2.078,2.558,-0.204,-1.678,0.521,2.601,0.479,1.897,5.15857,2.56886,1.10949,4.12437,4.79206,4.54537,3.73706,3.74762,4.01643,1.89911,-0.64331,-0.59249,-0.61118,-0.57699,-1.60821,-0.80023,-1.16915,1.90212,0.32039,-1.92707,1.17396,1.68391,1.02478,1.40444,-2.06722,-1.11521,1.205753,2.2351,1.6462,-1.175375,2.212712,4.987686,0.43364,0.487553,2.258506,7.961188,-0.315932378864539,0.0269787728000488,0.334850388254735
"T116",0.514,0.574,4.509,-0.33,-0.9,-0.02,-0.11,0,0.31,0.34,0.32,1.626,5.313,3.856,3.255,2.366,2.304,2.251,2,-1.12,-1.323,1.797,3.603,2.119,4.108,5.08204,2.79112,1.44974,4.22985,4.68559,4.449,3.47311,3.5213,3.74164,2.27627,-0.62916,-1.20625,-0.71214,-0.96959,-1.44085,-0.82008,-0.92716,1.94987,1.00438,-1.21077,1.35876,1.72338,1.00921,1.34562,-1.83445,-0.9771,2.088467,2.62,1.9816,-0.39575,2.379375,4.488286,2.6904,0.487467,3.106364,7.59825,-0.00546285047289088,0.246400487772424,0.266194263162935
"T117",0.322999999999999,0.081,3.139,0.26,0.23,0.01,0.04,0.01,-1.06,-0.62,-1.31,-1.222,2.676,2.005,1.946,2.145,1.172,2.61,3.748,-0.943,-4.334,0.068,1.757,0.111,3.484,5.47525,2.86984,1.20496,5.03696,5.43726,4.91566,3.50837,3.80954,4.24087,2.83674,-0.24427,-0.96596,-1.16501,-0.72585,-1.7852,-0.47388,-0.8712,1.59426,0.57226,-0.72511,1.04976,1.49223,0.98444,1.30147,-2.22883,-1.13497,1.0902,1.2028,1.71342,-1.906775,-0.701575,4.945929,-1.57092,1.547053,2.786836,9.289262,0.430224599502091,0.32774918896119,-0.122652414274786
"T118",-0.475,-0.509,3.824,-1.09,0.5,0.02,0,0.07,-2.05,-0.75,-0.43,1.358,4.237,3.046,2.525,2.965,1.237,1.496,3.36,-2.319,-5.448,0.744,1.96,0.204,0.743,4.82705,1.95939,0.86242,4.15332,4.48208,4.26001,3.36834,3.44328,4.09061,1.862,0.15362,-0.01395,0.08827,0.0291,-0.93759,-0.34861,-1.04895,1.09394,-0.18643,-0.21027,0.95373,1.42975,1.11835,1.29097,-1.59603,-0.86139,0.76984,2.3863,1.57876,-0.447275,2.449438,3.956914,1.26386,0.654953,4.198273,8.56605,0.104166040792187,-0.699804631641345,-0.39797691454204
"T119",-0.685,-0.571,1.995,-0.64,-0.27,0,-0.07,0.05,-2.77,-1.71,-1.85,-1.105,2.61,1.267,0.606,0.281,0.482,0.652,5.06,-3.583,-6.726,-1.244,0.946,-1.577,0.27,4.85179,1.99088,0.71827,4.29744,4.51682,4.43299,2.53652,2.83079,3.92946,1.80996,0.22644,0.31884,-0.50262,0.1207,-0.6295,0.11103,-0.28664,0.85543,-0.36505,0.21656,0.92653,1.1859,0.97725,0.96875,-1.12015,-0.58652,-0.012213,0.3279,0.32696,-2.507,0.517838,2.766543,-0.74802,0.536053,4.405724,8.112488,0.373516491966068,-0.733096961273681,-0.394234293836045
"T120",0.568,0.389,5.102,-0.05,-1.06,0.01,-0.1,-0.08,1.01,1.35,0.77,2.321,5.106,4.334,4.264,2.146,2.853,3.269,2.707,-0.55,-0.818,2.597,3.763,2.831,3.727,5.17763,3.12323,1.88059,4.45002,4.91579,4.53639,3.31152,3.42357,4.13401,2.96957,-1.08553,-1.41315,-2.03792,-1.20017,-1.51252,-1.35613,-1.22438,1.82976,1.16544,-2.05693,1.472,1.84249,0.97972,1.47731,-2.19097,-1.05989,2.797533,3.144,3.0894,0.11625,3.288875,5.206429,-0.532,0.694667,3.339394,8.2455,-0.51852390128174,0.598006862989537,0.417931834368681
"T121",-0.198999999999999,-0.637,3.974,-0.97,0.89,0.01,0.11,0.03,-0.98,-0.6,-0.12,1.234,4.729,3.383,2.573,2.484,1.835,1.717,3.745,-2.098,-5.012,0.635,2.399,0.35,1.729,4.88049,2.29584,1.3497,4.18166,4.47836,4.11226,3.24291,3.27334,3.94795,1.94687,-0.0527,-0.70893,-0.20897,-0.15765,-1.04245,-0.37752,-0.93151,1.28912,0.17847,-0.47909,1.09607,1.44772,1.09276,1.34938,-1.64595,-0.89327,1.146313,2.3417,2.01898,-0.8344,1.81115,4.0543,0.76516,1.111367,4.203394,9.321162,0.156572408490783,-0.411323756527616,-0.568496176875012
"T123",0.537,0.649,5.792,-1.14,-1.01,0.04,-0.16,-0.04,0.89,0.84,0.47,0.638,5.069,4.012,4.416,4.217,2.952,2.96,-0.576,-0.654,-0.661,1.399,3.459,2.493,3.414,4.99891,3.63524,2.21309,5.06143,5.26429,4.80719,3.17253,3.37385,3.89352,2.87132,-1.17414,-1.33685,-1.79842,-1.14166,-1.73485,-1.14863,-1.43219,2.03855,0.95639,-1.84188,1.6702,1.84971,0.91655,1.42946,-2.21233,-1.24296,2.20034,2.6573,2.78602,-0.7684,0.961862,4.833957,1.31342,0.721567,2.183112,6.789238,-0.664487412564609,0.597312921390987,0.721848910665055
"T124",0.536,0.591,3.806,-1.2,-0.21,0.03,-0.06,0,-0.23,-0.31,-0.04,1.344,5.395,3.466,2.623,1.189,1.704,1.824,5.45,-3.499,-3.414,-0.211,3.714,0.923,2.743,5.0292,2.55436,1.38358,3.9098,4.53701,4.33696,3.05735,3.00435,3.65235,1.94613,-0.30682,-0.81536,-0.97353,-0.74602,-1.40801,-0.54636,-0.91448,1.60597,0.92717,-1.05598,1.32359,1.59867,1.12054,1.23933,-1.58392,-0.94732,2.24156,2.2803,1.55908,-1.49505,2.982137,4.255543,0.11566,-0.262453,3.279967,8.2278,-0.427475614372773,0.320449253105336,0.495782740646904
"T125",0.291,0.514,3.928,-0.29,-0.21,0.03,-0.06,0.02,-0.29,-0.46,0.09,1.354,4.437,3.611,2.76,2.227,1.852,1.493,2.765,-2.001,-2.288,1.096,2.647,1.253,3.355,5.00222,3.04726,1.43846,4.03174,4.73768,4.57545,2.98049,3.03731,3.99703,2.40137,-0.62746,-0.6954,-0.92626,-0.71543,-1.33785,-0.48173,-0.73043,1.91209,0.60696,-1.17484,1.22363,1.57053,0.97489,1.23311,-1.60616,-0.85602,1.39056,2.4861,1.4479,-1.416775,1.97135,4.138314,-0.37892,0.252213,2.820552,8.616288,-0.158784296269717,0.0941753612427334,0.36401182918654
"T126",-0.432,0.627,3.179,-1.7,0.85,0.11,-0.03,0.05,-0.66,-0.37,-0.62,-0.212,4.52,2.825,2.291,0.334,1.521,1.649,4.778,-1.484,-4.252,1.09,2.448,1.016,2.332,4.45925,2.12389,0.91817,3.7167,3.93246,3.55821,2.8583,2.95299,3.63475,1.7267,-0.20853,-0.71161,-0.22127,-0.47839,-0.8146,-0.46268,-0.81455,1.17427,0.50677,-0.61273,1.27943,1.48981,1.023,1.10902,-1.32907,-0.7107,1.313547,1.6055,1.34152,-1.75875,0.757788,3.516571,0.0771,0.740473,3.117388,8.63565,-0.316701594859264,-0.573747039835982,0.554698753690134
"T127",-0.128,-0.495,4.266,-1.04,-0.42,-0.05,-0.02,0.02,-0.23,0.01,0.21,1.044,5.745,3.737,2.897,2.354,2.278,1.913,3.79,0.078,-4.078,0.973,3.739,0.779,2.887,4.81038,2.17492,0.91189,3.89582,4.12852,4.00751,3.43752,3.45896,3.79454,1.93251,-0.41123,-0.84131,-0.30686,-0.80671,-1.17158,-0.66052,-1.02791,1.44977,0.93283,-1.14528,1.34298,1.59864,1.12055,1.32525,-1.79009,-0.88594,2.367,2.6248,2.00932,-0.673275,1.8547,4.210157,1.85336,2.046087,4.159873,8.343763,0.192336285816484,-0.427808509698538,-0.359617890435406
"T128",0.665999999999999,0.435,4.275,-0.2,-0.77,-0.05,-0.03,-0.03,0.06,-0.11,0.5,1.839,5.682,4.052,2.739,1.852,2.336,2.51,2.931,-0.115,-1.982,0.974,3.65,1.256,3.506,5.36232,2.95121,1.39964,4.64036,4.96477,4.53837,3.42347,3.53338,4.15142,2.30119,-0.49204,-1.17236,-0.74735,-1.18653,-1.69541,-0.68458,-1.0792,2.09137,1.37855,-1.08563,1.59334,1.69939,1.0557,1.45197,-2.22344,-1.07812,2.15766,3.1217,2.25372,-0.63725,2.931612,5.575157,1.56054,1.059687,3.835245,8.87125,-0.0821735905119211,0.387997379993827,0.346192749955788
"T129",-0.537999999999999,0.272,1.952,-1.99,0.55,0.1,-0.04,0.04,-1.13,-0.84,-1.58,-1.514,3.91,1.659,0.741,-0.029,0.285,1.344,0.695,-2.956,-7.503,-1.083,1.309,-0.747,1.121,4.72238,2.75885,1.51147,4.33332,4.28888,3.93329,2.96711,3.19424,3.78105,1.76635,0.42677,-0.01522,-0.32668,0.06424,-1.08149,-0.309,-0.44197,0.52625,-0.11759,-1.1129,1.0764,1.13858,0.98826,1.1557,-1.4225,-0.72503,0.86898,0.9492,0.2239,-2.7897,-0.265813,3.8219,-0.21402,0.079847,3.263688,7.783812,-0.393256199695788,-0.28777410099567,0.337659624437328
"T130",-0.508,0.447,2.748,-1.23,0.45,0.06,0.02,0.01,-1.19,-1.35,-0.88,-2.902,3.903,2.533,1.093,0.475,0.848,2.184,0.656,-1.566,-4.261,-0.499,1.044,-0.47,1.369,5.04129,2.04244,0.76927,4.3941,4.60308,4.08063,3.4617,3.41252,4.06482,1.75147,-0.03861,-0.44017,-0.47467,-0.20311,-1.59953,-0.11317,-0.60664,0.80363,0.24376,-0.46029,1.24776,1.39668,1.02749,1.15503,-1.823,-1.25403,0.290988,2.15443,0.47878,-1.810595,-0.752351,4.998239,-0.88874,-0.309561,3.747286,9.121341,-0.225512491876855,-0.322881685580635,0.609802865030538
"T131",-0.669,-0.597,1.687,-1.03,1.03,0.03,0.14,0.01,-0.73,-0.48,-2.37,-2.564,3.62,0.405,1.045,1.388,0.83,1.911,2.574,0.519,-5.296,-1.086,0.876,-0.013,2.606,4.65278,2.12149,0.9187,3.86314,4.11541,4.03416,2.24132,2.52922,3.77843,1.52425,-0.00282,-0.53474,0.02079,-0.1748,-1.21199,-0.40759,-0.72236,0.44402,0.12402,-1.1932,0.7932,1.0902,0.99747,1.18688,-1.49405,-1.11157,0.357593,-1.167,0.17422,-1.707675,-0.362675,4.563271,-1.92654,2.60048,2.969773,9.816775,-0.234026726679225,-0.586579539237376,-0.392681592989732
"T132",-0.424,-0.695,1.659,-0.24,1.43,-0.05,0.29,0.02,-1.57,-1.18,-2.03,-2.754,4.186,0.931,0.591,1.389,0.057,2.554,6.045,0.057,-4.702,-2.499,0.357,-1.433,0.842,5.33969,2.23031,1.07028,4.66597,4.94217,4.77977,3.61987,3.61257,4.12172,2.24902,0.29691,-0.07978,0.18394,0.30644,-1.75902,-0.15785,-1.09604,0.30802,-0.19984,-0.1658,0.81007,1.03548,1.22591,1.33228,-1.75854,-1.25273,-0.080707,-0.7061,-0.27802,-3.447325,-1.75925,4.049286,-1.12932,0.671133,4.039609,10.138375,0.420105601028864,-0.246788484082677,-0.562868507514497
"T133",-0.391,0.456,2.238,-1.18,0.91,0.05,0.12,-0.01,-0.25,0.21,-1.56,-2.943,4.472,1.68,0.785,2.615,1.026,2.489,3.257,0.947,-6.978,-1.75,1.044,-0.341,2.55,4.69814,2.22538,0.96064,3.95376,4.27428,4.14221,3.14692,3.29647,3.64799,1.70474,0.09025,-0.86484,-0.72367,-0.30378,-1.4966,-0.71854,-1.18862,0.59712,0.37979,-0.76825,1.08027,1.15433,1.04614,1.20176,-1.85885,-1.25699,0.224333,1.062,-0.46556,-2.5825,-1.557138,4.7926,-1.10356,1.239313,3.081215,8.976112,-0.0934243792932259,-0.451245914548046,-0.00700557382955413
"T134",0.699,0.371,6.288,0.57,-1.89,-0.11,-0.16,-0.01,1.29,0.68,1.86,3.805,6.722,5.463,5.063,2.4,3.607,2.958,4.955,0.027,0.981,3.803,5.016,3.194,3.633,5.52863,3.34686,1.68989,4.96764,5.32187,5.06957,4.01257,4.12507,4.58494,2.88085,-1.43606,-1.39241,-1.35165,-1.62213,-1.61109,-1.0934,-1.50969,2.78802,1.4037,-1.99575,1.55505,2.1724,1.15862,1.6646,-2.18408,-1.17542,3.41508,4.5646,3.82516,1.588,4.996587,5.179586,2.5825,0.727707,3.058794,8.537275,-0.495330389433049,0.636519098109419,0.272954961719711
"T135",0.296,0.483,3.377,-0.98,1.15,0.01,0.22,-0.04,-0.79,0.33,-1.82,-1.575,6.209,1.298,1.89,2.758,1.699,4.546,2.205,1.103,-5.378,-0.19,2.246,-0.032,3.041,4.73803,2.15723,1.45799,4.14971,4.26806,3.79344,3.31931,3.35113,3.69392,2.1261,-0.22922,-0.6672,-0.28598,-0.31557,-1.91441,-0.73637,-1.2721,0.83072,0.54112,-0.57258,1.34115,1.22557,1.25306,1.5154,-2.08958,-1.6132,1.154833,-0.4304,1.6488,-1.184225,-0.877813,5.9289,0.67426,1.315933,3.885903,10.070987,-0.398309220866618,0.0943782326536934,0.38349724830465
"T136",0.532999999999999,0.567,3.731,-1.02,-1.08,0,-0.1,-0.07,0.29,1.58,-1.54,0.3,4.71,1.685,2.023,3.73,1.703,3.384,-1.03,-0.029,-2.645,-0.233,1.984,1.128,2.568,5.55471,3.16106,1.729,4.58643,4.90191,4.52047,3.68083,3.69349,3.99676,2.01185,-0.36457,-1.18324,-1.53098,-0.33429,-1.77243,-1.6222,-1.54834,1.64629,0.5989,-2.28344,1.65582,1.44903,1.01335,1.4978,-2.32263,-1.48171,1.10276,0.6741,0.8188,-1.267375,1.285937,5.231129,-0.88894,0.448793,2.654903,7.848987,-0.633771816827023,0.639172941315583,0.652083213356787
"T137",0.436,-0.341,4.466,-0.86,0.12,-0.04,0.08,-0.01,-0.28,0.37,0.33,-0.256,5.892,3.862,2.583,1.407,2.127,3.259,3.373,-0.905,-2.924,-0.117,3.484,1.396,3.17,4.83,2.53602,1.48741,4.36025,4.33581,3.89178,3.41804,3.33045,3.82279,2.09616,-0.34333,-0.96873,-0.36453,-0.75043,-1.60525,-0.76278,-1.14556,1.34007,0.81239,-0.40898,1.11424,1.67217,1.14913,1.394,-1.76202,-1.29575,1.856067,2.256,1.5516,-0.12575,-0.027,5.107429,-0.7732,1.4492,3.531303,8.80125,-0.112240769979243,-0.132993205510442,-0.476283237829587
"T138",0.508,0,3.763,-0.18,-1.07,-0.02,-0.14,0,-0.44,-0.36,-0.25,2.233,5.142,3.242,2.676,2.036,1.829,2.34,3.455,-1.256,-1.921,1.532,3.352,1.843,3.117,5.02692,2.77838,1.29318,4.26322,4.59753,4.70509,2.77342,3.05243,4.06808,2.28407,-0.56494,-0.96565,-0.57913,-0.59786,-1.40767,-0.49934,-0.78022,1.82234,0.87648,-0.78237,1.08965,1.57185,0.96618,1.20222,-1.62806,-0.94781,2.122185,2.20699,1.96388,-0.742915,3.264778,4.671229,0.879388,1.057374,3.578705,7.690697,0.0315571674653344,0.42041582108677,-0.237212370606946
"T139",-0.39,0.547999999999999,3.205,-1.34,0.49,0.07,-0.01,0.02,-1.03,-0.87,-0.54,0.182,4.327,2.896,1.442,0.51,1.345,1.186,2.117,-2.668,-2.691,-0.599,2.365,0.342,2.911,4.72475,2.24669,0.85401,4.0687,4.42367,4.05585,2.57739,2.93989,3.54243,1.73674,-0.2685,-0.66068,-0.58726,-0.42169,-1.08248,-0.2335,-0.47682,1.2613,0.57889,-0.44111,1.35012,1.35896,1.00073,1.15468,-1.54872,-0.78839,1.049627,1.3091,0.86714,-2.945125,2.499262,3.812229,-0.0927,0.235967,3.188715,8.6573,-0.149375359492587,-0.400533867312822,0.469572169506169
"T140",0.226999999999999,-0.546,4.151,-0.18,-0.85,-0.1,-0.02,0.01,-0.92,1.2,-0.7,0.486,4.732,2.724,2.73,2.411,1.499,2.522,4.675,0.024,-6.959,-0.16,2.373,0.694,2.318,4.94492,2.53462,1.27811,4.3105,4.86998,4.59043,3.20656,3.4059,3.89244,2.04671,-0.24524,-0.4628,-0.25978,-0.28993,-1.51658,-1.30198,-0.94247,1.44207,0.3931,-0.4497,1.08841,1.5154,1.0976,1.25613,-1.85688,-1.13883,1.330733,1.539,1.7878,-1.85175,1.206875,4.718286,1.141,1.6804,4.406424,8.45475,0.247225209516751,-0.0827030565179047,-0.505781331818113
"T141",0.542999999999999,-0.247,4.019,-1.05,-0.36,-0.13,0.1,0,0.4,-0.11,0.16,-0.5,5.853,3.689,2.941,2.529,1.718,3.942,5.878,-0.255,-2.654,0.733,3.277,0.876,2.298,5.50724,2.51292,1.30286,4.33785,4.96373,4.40756,3.95836,3.78513,4.05029,2.47198,-0.14037,-0.97631,-0.14907,-0.73947,-2.18437,-0.65248,-1.39698,1.56556,0.79794,-1.32751,1.23427,1.59478,1.21132,1.50642,-2.12389,-1.39243,1.84004,2.7127,2.3253,-1.014825,0.2232,5.729371,1.1159,1.518487,3.451136,9.095025,-0.0882214784245271,0.387492194978373,-0.119201947435527
"T142",0.750999999999999,0.371,6.007,-0.07,-2.27,-0.11,-0.18,-0.06,1.75,1.14,2.22,2.607,6.717,5.835,4.928,3.379,3.401,2.817,3.746,-0.698,0.851,3.897,5.058,2.688,3.636,5.86328,3.47071,1.84262,5.00441,5.42163,4.92083,4.07818,3.98263,4.39305,2.75822,-1.10249,-1.5379,-1.33937,-1.56296,-1.73142,-1.34106,-1.67125,2.537,1.74533,-2.09558,1.76933,2.22325,1.09334,1.71793,-2.29443,-1.18118,3.36982,4.9319,4.07718,1.1245,3.394588,5.220443,2.37004,1.209413,2.821794,7.5264,-0.444780850949052,0.754438597211728,0.404995264324794
"T143",0.795,0.515,7.686,-0.17,-2.2,-0.04,-0.19,-0.12,3.04,3.26,2.45,3.155,6.716,6.063,5.785,3.486,4.576,3.903,0.602,0.559,-4.224,3.444,5.224,4.075,4.759,5.46684,4.23262,2.4428,5.38434,5.4731,5.22297,3.89191,3.89289,4.47711,3.5989,-1.9307,-1.85015,-2.63906,-1.83766,-2.13851,-2.2488,-2.02829,2.52079,1.95772,-3.93634,1.89096,2.19111,1.12433,1.71762,-2.37939,-1.57072,3.712913,4.7732,4.49228,0.961325,3.493438,5.6009,1.28706,0.195887,2.917973,7.36775,-0.677717272674717,0.876798551888322,0.624026627110286
"T145",-0.463999999999999,-0.313,2.458,-1.1,-0.48,-0.05,-0.05,0.04,-2.12,-1.47,-1.98,-0.587,3.055,1.109,0.69,0.407,0.264,1.188,3.359,-2.851,-6.517,-1.776,0.938,-1.365,0.415,4.85831,2.10098,0.79604,3.77533,4.24968,4.17514,3.32263,3.39865,3.8447,1.60741,0.08868,-0.04652,0.10873,0.12389,-1.07114,-0.02378,-0.60789,0.76505,-0.12772,0.01992,0.90625,1.15989,1.02784,1.12483,-1.41244,-0.80269,-0.21068,0.3525,0.1318,-2.35065,1.347138,3.453329,-0.67936,0.911967,3.408627,7.249512,0.350257308210782,-0.332200733005712,-0.14985659556379
"T147",-0.333999999999999,0.637,1.483,-1.46,0.03,0.02,-0.02,0.02,-1.26,-0.76,-2.28,-1.635,4.484,0.585,0.749,1.914,1.062,2.741,4.311,0.753,-5.71,-1.733,0.921,-1.039,1.974,4.90382,2.31351,0.90487,4.20929,4.57027,4.36778,3.65189,3.58352,3.71779,2.09554,-0.00022,-0.27175,-1.34524,-0.16418,-1.73537,-0.35617,-1.0661,0.54169,0.24401,-0.21859,1.23364,1.09672,1.05735,1.18449,-2.10006,-1.21671,0.18234,-0.6039,0.27578,-3.350425,-0.449587,5.3047,1.49212,1.288553,2.377133,8.526,-0.206809453095079,-0.0737092886987911,0.557546206225761
"T148",0.442999999999999,0.258,3.603,-0.44,-0.23,-0.04,0.01,0.01,-0.1,-0.02,-0.5,0.771,4.815,2.957,2.41,2.287,2.051,2.564,2.342,-0.431,-3.173,0.052,2.485,0.975,2.752,5.14611,2.83031,1.35507,4.48232,4.99011,4.60843,3.64027,3.88033,4.07176,2.25982,-0.57371,-0.67032,-1.09168,-0.5565,-1.70863,-0.69273,-1.04263,1.64593,0.44832,-0.90312,1.09564,1.46315,1.02531,1.38544,-1.96174,-1.18646,1.321887,1.9151,1.87114,-1.75815,1.872562,4.918614,0.50924,0.97484,3.402461,8.504825,0.322336199493558,0.37720741619886,-0.0770040855485032
"T149",-0.439,0.099,3.677,-0.81,1.48,0.02,0.21,0.02,-1.56,-1.08,-0.49,-3.517,4.287,2.977,1.89,1.293,1.315,2.827,3.702,-1.479,-5.718,-0.614,1.632,-0.844,0.948,5.36185,2.15824,0.88675,4.16831,4.65146,4.19572,3.32839,3.46561,3.90738,1.7067,0.11358,-0.08509,-0.54638,0.02914,-1.76591,-0.25596,-1.31358,0.49783,0.06919,-0.28722,1.1255,1.3575,1.15315,1.29165,-1.85752,-1.28525,0.29372,2.1404,1.25866,-1.877325,-2.285325,4.316143,0.54906,0.52844,3.36467,10.019787,0.394599268391676,-0.00872660094762495,0.150215028120322
"T150",0.349,-0.565,5.199,-0.48,-0.73,-0.13,0.01,0.03,0.37,-0.07,0.73,2.21,6.209,4.298,3.52,2.899,2.688,2.497,3.159,-1.658,-1.217,2.18,4.092,2.455,2.854,5.28772,2.73585,1.36436,4.22541,4.65184,4.39156,3.74854,3.86156,4.24864,2.19936,-0.81079,-1.16857,-0.45301,-1.06749,-1.29608,-0.6913,-1.3187,2.10103,1.11387,-1.41875,1.24293,1.87068,1.16877,1.53888,-2.14366,-1.03257,2.696487,3.24802,3.065054,0.234995,3.475251,5.431649,2.433494,0.822471,4.118388,8.774575,0.00155669544672923,-0.111521110183317,-0.46211794658007
"T151",0.645,0.411,4.985,0.49,-0.77,-0.08,0,-0.02,0.45,0,0.73,1.62,5.561,4.298,3.709,2.709,2.998,3.065,3.571,-0.174,-1.132,2.006,3.968,2.64,3.628,5.39469,2.74114,1.50477,4.721,5.02807,4.75416,3.82902,3.91008,4.39738,2.45284,-0.76915,-1.45399,-1.04394,-1.16936,-1.80639,-0.77613,-1.59374,2.11764,1.29993,-1.52291,1.5368,1.85818,1.19991,1.59496,-2.13759,-1.26995,2.680773,3.4314,2.84636,0.154425,2.138463,5.175214,1.83372,0.95156,4.044209,9.030762,0.0682338407873833,0.654849629197733,0.294854521205464
"T152",-0.005,0.351,4.984,-0.84,-0.13,0,-0.05,0.03,0.52,0.58,0.86,1.984,6.212,4.425,3.959,3.396,2.852,2.5,3.198,-1.545,-2.444,2.534,4.116,2.532,2.868,4.45348,2.13234,1.25624,3.70044,4.04552,3.61336,2.89903,3.06629,3.65036,1.81274,-0.77773,-1.06615,-0.8245,-0.85326,-1.05247,-0.80133,-0.91536,1.70854,0.94244,-1.27581,1.34277,1.6265,1.08112,1.32506,-1.62505,-1.0116,2.571427,2.9513,2.62534,0.392725,3.052338,4.4364,2.35308,1.535727,4.114497,8.287838,-0.31842318932336,-0.549915530194003,-0.124722261583494
"T153",0.628,0.621,5.612,-0.81,-1.61,-0.03,-0.2,-0.02,1.08,0.94,1.11,2.917,6.134,4.696,4.341,3.326,3.088,1.372,-0.147,-1.01,-0.956,2.181,4.119,2.875,3.143,5.32959,3.38165,1.90499,4.9383,5.07758,4.62548,3.65521,3.68193,4.19409,2.67287,-1.27529,-1.13279,-1.29654,-1.21587,-1.60579,-1.15962,-1.39468,2.2828,1.09608,-1.64002,1.59063,1.84144,1.10486,1.57366,-1.92192,-1.1492,2.72276,3.769,3.30288,0.542325,3.66485,5.302571,1.65338,0.245653,2.983948,6.76885,-0.540255998010809,0.406218361449019,0.596396970881433
"T154",0.699,0.452999999999999,5.833,-0.07,-2.17,-0.05,-0.21,-0.07,0.56,0.98,1.29,1.328,5.559,4.88,4.552,3.005,3.396,3.187,0.087,0.062,-4.209,2.602,4.016,2.705,3.598,5.34343,3.32217,2.19723,5.06788,5.2765,4.78416,3.68613,3.68849,4.30545,3.07582,-1.64403,-1.35643,-2.20227,-1.32831,-1.96725,-1.30632,-1.33301,2.25538,1.15321,-1.70755,1.58206,2.07427,1.10262,1.65211,-2.37144,-1.28456,2.831618,3.75634,3.23479,0.391545,2.31852,5.403136,-0.707232,1.18387,2.134404,7.322163,-0.590602759036284,0.688801775581505,0.524374671765581
"T155",-0.364,0.223999999999999,2.802,-1.12,0.14,0.01,-0.04,0.05,-1.29,0.45,-0.51,-0.22,4.647,2.946,1.092,1.324,0.592,1.589,2.383,-0.389,-6.035,-0.851,2.216,-0.009,2.385,4.836,2.46437,1.19318,4.10807,4.14799,4.12775,2.90488,2.93467,3.675,1.66724,-0.14423,-0.23726,0.12553,-0.22687,-1.03517,-0.84463,-0.45541,0.87238,0.29652,-0.21494,0.97017,1.29436,1.12827,1.08373,-1.75392,-0.89423,1.176067,2.629,0.206,-2.44825,0.347125,3.953429,0.7008,0.4124,3.67803,8.068,-0.1565581731409,-0.457117744201353,-0.0750534967893551
"T156",-0.442,0.173,2.866,-1.23,-0.71,-0.01,-0.12,0.03,-1.39,-1.2,-0.83,-2.976,4.447,2.549,1.355,-0.014,1.283,0.213,4.036,-0.955,-6.388,-0.979,1.502,0.331,1.954,4.42111,1.80038,0.76512,3.53756,3.75459,3.63887,3.00366,2.92,3.15473,1.62066,0.32072,-0.03669,-0.44631,0.03727,-1.19353,-0.02498,-0.31782,0.55493,-0.08446,-0.17016,1.04265,1.20741,0.99557,1.0496,-1.27917,-0.83668,0.260053,0.8386,1.12264,-2.12235,-2.116975,3.645143,-0.57918,1.224647,3.174303,6.569825,0.290945290087567,-0.459456726953543,0.0641494403484851
"T159",-0.521,0.198,3.143,-0.72,-0.11,-0.01,-0.07,0.08,-2.24,-1.32,-0.48,1.255,4.096,2.991,1.921,0.639,1.064,0.703,4.674,-3.559,-5.708,-2.733,2.051,0.396,0.467,4.51543,1.64644,0.70648,3.75364,4.17033,3.72767,3.25393,3.4749,3.84456,1.48325,-0.31348,-0.04806,-0.10695,-0.08679,-0.92053,-0.09542,-0.31641,1.54077,0.11648,0.01852,1.04295,1.40329,1.06365,1.11201,-1.37937,-0.81464,0.975247,2.4138,1.36962,-2.239225,2.776838,3.165757,1.1037,0.86256,3.983285,8.414038,0.421490457386542,-0.590543321085281,0.169805362025919
"T160",0.564,-0.797999999999999,4.07,0.21,-0.1,-0.13,0.16,-0.01,-0.23,0.36,0,1.998,5.695,3.515,3.002,2.337,2.339,2.356,5.289,-0.491,-4.235,1.128,3.542,1.671,3.67,5.42085,2.64631,1.47638,4.55078,4.9933,4.70154,3.68618,3.687,4.20387,2.35994,-0.56563,-1.18686,-0.68576,-1.09708,-1.72439,-0.97881,-1.35615,2.06565,1.13397,-0.99882,1.1109,1.65994,1.20507,1.51345,-2.10579,-1.20833,2.400013,2.4138,2.03678,-0.2233,3.584062,5.067129,0.81434,1.437047,3.958958,9.735175,-0.0047227599655488,0.523258154964137,-0.605405072981722
"T161",0.256,-0.522,4.227,0.24,0.35,-0.1,0.17,0.01,-0.96,-0.5,0.03,1.505,5.378,3.534,2.916,1.728,2.215,2.947,4.781,-2.175,-4.254,0.883,3.06,0.946,2.679,5.01954,2.28102,1.10407,4.11538,4.63017,4.42032,3.81432,3.92472,4.11548,2.01175,-0.35628,-0.6689,-0.40781,-0.54266,-1.79812,-0.48288,-1.05409,1.87767,0.67778,-0.35405,1.20076,1.62264,1.15942,1.53191,-1.93946,-1.22379,1.794667,2.09,2.62898,-1.068325,2.743813,4.892814,0.62234,1.390547,4.031536,9.420988,0.311269937845428,0.0221994145122446,-0.481050103930384
"T162",0.336,-0.216,4.158,-0.34,0.55,-0.03,0.1,0.03,-0.01,-0.07,0.04,1.599,5.633,3.555,3.002,2.366,2.202,2.965,5.419,-2.074,-4.462,1.29,3.468,1.611,3.277,4.91427,2.52181,1.54612,4.04076,4.4324,4.08014,3.28529,3.47053,3.87634,2.13185,-0.37155,-1.07788,-0.75375,-0.9104,-1.34553,-0.62745,-1.15565,1.73116,0.8696,-1.26313,1.27099,1.65671,1.22472,1.35696,-1.78232,-1.08644,2.371,2.347,1.832,-0.355,2.84,4.611857,1.3246,0.860867,4.100909,9.731875,0.0565905607853904,-0.254172920362116,-0.32131247342875
"T164",0.138,0.249,2.671,-1.3,0.79,0.04,0.09,0.02,-1,-0.62,-1.48,-1.468,4.181,1.744,1.601,1.069,1.136,1.579,1.257,-1.803,-3.241,-0.024,1.982,-0.507,2.288,5.43139,2.71561,1.4596,4.22591,4.83106,4.66034,2.98887,3.18844,3.9312,2.12381,0.0371,-0.51246,-0.34926,-0.48462,-1.36239,-0.503,-0.72876,0.9085,0.47545,-0.57124,1.11951,1.38874,1.08491,1.1995,-1.52733,-0.95482,1.026,0.568,1.0836,-1.91375,-0.297625,4.076286,0.8264,0.3912,3.911212,8.922875,0.151410697709606,0.197552093284626,0.24332586894131
"T166",-0.2,-0.755999999999999,3.68,-0.24,-0.18,-0.15,0.09,0.06,-1.45,-0.99,-0.87,0.807,5.073,2.527,2.016,2.889,1.732,3.244,4.179,-0.782,-4.7,-0.697,2.253,-0.08,1.433,5.06315,2.03267,1.06736,4.13223,4.52308,4.27522,3.67523,3.99121,4.34209,1.90933,-0.02518,-0.42187,0.03483,-0.15616,-1.66938,-0.24697,-1.05962,1.72191,0.18389,-0.18991,0.84847,1.51464,1.27375,1.38031,-2.05688,-1.15161,1.294927,1.4555,1.61406,-1.433875,1.628938,5.650543,1.39434,1.471753,4.621945,9.265913,0.265440493347891,-0.446013117302257,-0.684490506649932
"T168",0.624,0.606,5.759,-0.38,-0.46,0.05,-0.06,-0.07,1.59,1.08,0.85,2.006,5.49,4.416,4.482,4.17,2.906,2.791,2.824,-0.398,-1.049,1.872,3.777,2.688,3.251,5.41767,3.55245,2.11687,4.81218,5.18787,4.83797,3.41507,3.58403,4.32568,2.65797,-1.33154,-1.47086,-1.5966,-1.16913,-1.70383,-1.33245,-1.20572,2.54779,1.2204,-3.02942,1.63894,1.8855,1.05505,1.56482,-2.38511,-1.34818,2.697053,3.3148,3.23034,0.2078,2.844088,4.951257,0.96236,0.914667,3.642136,8.7319,-0.380409865793138,0.641309431177896,0.648280397677311
"T169",-0.601,-0.515,2.991,-0.98,0.4,0.04,-0.02,0.06,-1.61,-1.4,-1.25,-0.051,3.166,2.079,1.459,1.096,0.566,-1.01,4.329,-3.044,-4.752,0.122,1.414,0.266,0.456,4.47668,2.08154,1.04677,3.64293,3.94201,3.81787,2.48193,2.774,3.7977,1.52829,-0.03484,-0.22716,0.04626,-0.04363,-0.69506,-0.0251,-0.30954,0.92726,-0.08196,-0.85009,0.90916,1.32636,1.03699,1.02798,-1.04923,-0.69708,0.308867,1.1267,1.30472,-0.8158,1.366138,2.640143,-0.07144,0.79454,4.217609,7.469112,0.43750362113594,-0.471453853250254,-0.439549088360335
"T170",0.542,0.276,6.108,-0.1,-2.03,-0.13,-0.15,-0.03,1.46,1.15,1.61,2.407,6.796,5.212,4.777,3.279,3.582,3.449,4.59,-0.137,-0.422,3.287,4.74,3.188,3.948,5.0959,2.71471,1.3886,4.20613,4.59215,4.16001,3.63558,3.77995,4.05659,2.31549,-1.47435,-1.62247,-1.26636,-1.51248,-1.75048,-1.20396,-1.61754,2.31832,1.42824,-1.8153,1.48467,2.02796,1.05911,1.53623,-2.01842,-1.07624,3.038067,3.8569,3.25618,0.980875,3.481063,5.415357,0.81672,0.7533,2.735288,7.028388,-0.292500702821181,0.325225963966621,-0.00666495452283399
"T171",0.575,-0.21,4.713,0.76,-2.96,-0.15,-0.25,-0.04,0.44,0.25,0.76,1.907,5.134,4.324,4.023,2.589,2.786,2.732,2.415,-1.031,-2.011,1.481,3.519,2.173,2.684,5.38666,3.00208,1.67853,4.73951,4.95163,4.40007,3.99316,4.07908,4.29688,2.4875,-1.52646,-1.30571,-1.67067,-1.11642,-1.74262,-1.01123,-1.29331,2.29871,0.78633,-1.64037,1.35286,1.8272,0.897,1.53227,-2.23309,-1.13521,2.593946,3.52797,2.672252,0.250582,2.807644,5.259214,1.524722,0.858121,2.698805,7.126574,0.00226362755319304,0.494309719447863,0.0452092807254615
"T172",0.597,-0.256,4.587,0.04,-0.28,-0.04,0.04,-0.04,0.54,0.8,-0.62,2.855,5.933,2.816,3.081,2.264,2.424,2.353,1.611,1,-2.451,1.01,4.312,2.483,4.198,5.20773,2.86463,1.67658,4.44888,4.83811,4.63361,3.29855,3.37099,4.16467,2.42816,-1.14192,-1.26291,-0.93713,-1.25702,-1.54368,-1.11018,-1.26025,2.30753,1.2062,-1.72286,1.37885,1.6975,1.03883,1.46496,-2.18514,-1.09835,3.041033,1.5689,2.30444,0.13075,4.16465,4.965286,0.98282,2.226273,3.635503,9.078725,-0.337154360647644,0.51204823338606,-0.179754938340132
"T174",-0.562,0.531,1.31,-1.91,0.8,0.08,0.01,0.05,-2.27,-0.73,-1.8,-4.818,3.371,1.311,-0.274,-2.387,-0.206,-0.516,0.339,-1.49,-6.035,-2.443,-0.142,-3.195,0.254,4.65837,2.2007,0.85063,3.82132,4.15358,3.96418,2.58063,2.79906,3.2257,1.46904,0.37798,0.46678,0.14195,0.44905,-1.15917,-0.39037,-0.39514,0.18088,-0.32786,0.18982,0.93442,0.96576,0.92819,0.99148,-1.34341,-0.74183,-1.386409,-0.06259,-0.577496,-3.532485,-2.007337,3.383094,-0.766346,0.993753,2.528774,8.251635,0.212277578735308,-0.5269822182145,0.425377697105208
"T175",-0.158,0.115,3.03,-0.89,1.27,0.01,0.2,0.01,0.26,-0.09,-0.86,-0.616,4.308,2.549,1.978,2.173,1.153,2.08,2.342,-0.894,-3.739,-0.899,2.172,0.551,3.748,5.123,2.5282,1.24118,4.27216,4.69724,4.42173,3.3619,3.49526,3.83166,2.10991,-0.3468,-0.87793,-0.2757,-0.51291,-1.6124,-0.60435,-1.20202,1.43652,0.65637,-1.21847,1.07474,1.29657,1.03838,1.371,-1.81168,-1.12981,0.991547,1.5884,0.95018,-3.6664,-0.018225,4.982871,0.39112,0.503627,3.476679,9.743562,0.150896916884795,-0.316976843019451,-0.161383756412893
"T176",-0.218999999999999,-0.58,2.476,-0.67,-0.59,-0.03,-0.09,0.05,-1.88,-1.43,-1.97,-0.297,3.256,1.092,1.513,1.943,0.446,1.053,0.963,-2.535,-3.627,-0.436,1.39,-0.638,0.124,5.80247,2.38419,1.69138,4.2857,4.92,4.355,3.32502,3.56049,4.48365,1.91233,0.36819,-0.13222,3e-04,-0.20333,-0.77759,-0.16607,-0.53932,1.01533,0.19897,-1.15681,0.99221,1.38356,1.06489,1.14916,-1.42504,-0.82523,1.029533,0.5988,1.65912,-0.9367,1.330763,3.400657,1.5751,1.19348,4.363973,7.54885,0.633550477419221,0.230389096366201,-0.175574690524652
"T178",-0.71,-0.467999999999999,0.631,-1.68,1.1,0.06,0.06,0.08,-2.27,-1.3,-2.36,-2.867,1.832,0.318,-0.276,-1.33,-0.179,0.006,5.042,-3.053,-6.368,-2.794,-0.105,-1.694,1.312,4.54468,1.69744,0.83483,3.57882,4.02699,3.7358,2.29908,2.53766,3.24294,1.30074,0.39211,0.25288,-0.17682,0.18693,-0.62959,-0.1053,-0.11325,0.19102,-0.30531,-0.28824,0.66196,0.99335,0.95765,0.82054,-1.06194,-0.47213,-0.561387,-1.1968,-0.19022,-2.432125,-1.255613,2.0404,-0.74402,1.197327,2.669039,8.4612,0.346490199136064,-0.558927410153387,-0.160417877943204
"T180",0.594,0.633,4.974,-1.28,-0.94,0.01,-0.12,-0.03,1.04,1.06,1.14,1.3,5.86,4.72,3.649,0.825,2.782,2.73,0.92,-1.171,-2.269,1.841,3.743,2.006,3.196,5.05147,3.38227,1.4871,5.00605,5.16548,4.71448,3.53616,3.42022,4.19009,1.93823,-0.59106,-1.22197,-1.10899,-0.95417,-1.70351,-1.1603,-1.29294,1.65979,1.14254,-1.61175,1.53168,1.79006,1.08627,1.42402,-1.79025,-1.08912,1.967567,3.2746,2.59562,-0.1484,2.14525,5.291314,0.48406,0.090427,2.782079,7.604588,-0.524843082117951,0.533876722362263,0.614464468286841
